-- user
INSERT INTO `t_user` (`unregister_fl`, `created_at`, `iuser`, `updated_at`, `nm`, `email`, `admin_memo`, `uid`, `upw`, `phone_number`, `provider_type`, `role`) VALUES (0, '2024-01-10 15:10:21.000000', 1, '2024-01-10 15:10:29.000000', '관리자', 'user@naver.com', NULL, 'ADMIN', '$2a$10$MeX/9t4pubbkh0p5W1LBOuszbqKR/njrXhwa9blRFL4igmZsu31mS', '010-1010-1010', 'LOCAL', 'ADMIN');
INSERT INTO `t_user` (`unregister_fl`, `created_at`, `iuser`, `updated_at`, `nm`, `email`, `admin_memo`, `uid`, `upw`, `phone_number`, `provider_type`, `role`) VALUES (0, '2024-01-24 12:34:44.000000', 23, '2024-02-01 09:35:06.000000', '허블', 'hubble@gmail.com', NULL, 'hubble', '$2a$10$MeX/9t4pubbkh0p5W1LBOuszbqKR/njrXhwa9blRFL4igmZsu31mS', '010-5571-6794', 'LOCAL', 'USER');
INSERT INTO `t_user` (`unregister_fl`, `created_at`, `iuser`, `updated_at`, `nm`, `email`, `admin_memo`, `uid`, `upw`, `phone_number`, `provider_type`, `role`) VALUES (0, '2023-11-22 10:15:02.000000', 55, NULL, '이정도', 'leejungdo@gmail.com', NULL, 'jd1386', '$2a$10$9E55wHcJKDXDmO8ktzc0cO1yIzgCDKl33WrSKuzksrvjUWU90ovCK', '010-3192-2910', 'LOCAL', 'USER');
INSERT INTO `t_user` (`unregister_fl`, `created_at`, `iuser`, `updated_at`, `nm`, `email`, `admin_memo`, `uid`, `upw`, `phone_number`, `provider_type`, `role`) VALUES (0, '2023-11-22 10:17:39.000000', 56, NULL, '김재완', 'jaewan@gmail.com', NULL, 'last2018', '$2a$10$jXJnkzqZ50y4XOtk/u8v6uIBDcjBJzL2w9FwE2bVhE7NBzbFJk0Cy', '010-2215-1234', 'LOCAL', 'USER');
INSERT INTO `t_user` (`created_at`, `iuser`, `unregister_fl`, `updated_at`, `nm`, `email`, `admin_memo`, `uid`, `upw`, `phone_number`, `provider_type`, `role`) VALUES ('2024-01-31 10:19:17.000000', 57, 1, '2024-02-22 17:26:05.000000', '김성은', 'sunny@daum.net', NULL, 'sunny3up', '$2a$10$LfUym7fpBtSMEvw0OjO7kuGKw4FJz9L/jpxCFYO.vw2SaRPlvjyIO', '010-4280-1991', 'LOCAL', 'USER');
INSERT INTO `t_user` (`created_at`, `iuser`, `unregister_fl`, `updated_at`, `nm`, `email`, `admin_memo`, `uid`, `upw`, `phone_number`, `provider_type`, `role`) VALUES ('2024-01-31 10:58:12.000000', 60, 1, '2024-02-22 17:26:02.000000', '이강인', 'kanginlee@hanmail.net', NULL, 'kanginlee1', '$2a$10$SJxNn.pGK9PSmONBH1M22OGAh5TAzpOqAq.fXCjX9d4QrAVNdhvY.', '010-9311-9411', 'LOCAL', 'USER');
INSERT INTO `t_user` (`unregister_fl`, `created_at`, `iuser`, `updated_at`, `nm`, `email`, `admin_memo`, `uid`, `upw`, `phone_number`, `provider_type`, `role`) VALUES (0, '2024-01-25 10:53:36.000000', 58, NULL, '구일모', 'johnny@gmail.com', NULL, 'johnkoo84', '$2a$10$Y.Hk.TP71HjcNxRgPh8KTODhzUGQNzq0q1Y13vVjiYJGYgxxikJfe', '010-8491-3982', 'LOCAL', 'USER');
INSERT INTO `t_user` (`unregister_fl`, `created_at`, `iuser`, `updated_at`, `nm`, `email`, `admin_memo`, `uid`, `upw`, `phone_number`, `provider_type`, `role`) VALUES (0, '2024-01-26 10:56:53.000000', 59, '2024-02-14 16:31:40.000000', '장원진', 'jang@gmail.com', NULL, 'jangwj2931', '$2a$10$IoAPacGfehCj0n1pfnd7Ne89Eq7mAOwE7EDXkb3kqVNzjCYoMVPx2', '010-4811-0921', 'LOCAL', 'USER');
INSERT INTO `t_user` (`unregister_fl`, `created_at`, `iuser`, `updated_at`, `nm`, `email`, `admin_memo`, `uid`, `upw`, `phone_number`, `provider_type`, `role`) VALUES (0, '2024-02-03 11:07:21.000000', 61, '2024-02-06 14:00:14.000000', '정지수', 'jisoocity@naver.com', NULL, 'jisoocity', '$2a$10$K.Z1jeC19u/0F174k4mXcOHADAq76atS85Nj9ZzA5mPKZVuWVMIvq', '010-8591-4011', 'LOCAL', 'USER');
-- address
INSERT INTO `t_address` (`iaddress`, `iuser`, `zip_code`, `address`, `address_detail`, `created_at`, `updated_at`) VALUES (106, 23, '38800', '경북 영천시 신녕면 대학길 5-13', '2', '2024-02-21 15:13:41', NULL);
INSERT INTO `t_address` (`iaddress`, `iuser`, `zip_code`, `address`, `address_detail`, `created_at`, `updated_at`) VALUES (107, 23, '41919', '대구 중구 경상감영길 4', '2344', '2024-02-21 15:13:41', NULL);
INSERT INTO `t_address` (`iaddress`, `iuser`, `zip_code`, `address`, `address_detail`, `created_at`, `updated_at`) VALUES (111, 23, '42427', '대구 남구 마태산길 5-2', '123', '2024-02-21 15:13:41', NULL);
INSERT INTO `t_address` (`iaddress`, `iuser`, `zip_code`, `address`, `address_detail`, `created_at`, `updated_at`) VALUES (64, 55, '13525', '경기도 성남시 분당구', '대왕판교로 160', '2024-02-21 15:13:41', NULL);
INSERT INTO `t_address` (`iaddress`, `iuser`, `zip_code`, `address`, `address_detail`, `created_at`, `updated_at`) VALUES (65, 56, '08832', '서울특별시 관악구', '관악로 145', '2024-02-21 15:13:41', NULL);
INSERT INTO `t_address` (`iaddress`, `iuser`, `zip_code`, `address`, `address_detail`, `created_at`, `updated_at`) VALUES (66, 57, '16835', '경기도 용인시 수지구', '포은대로 435', '2024-02-21 15:13:41', NULL);
INSERT INTO `t_address` (`iaddress`, `iuser`, `zip_code`, `address`, `address_detail`, `created_at`, `updated_at`) VALUES (67, 58, '06090', '서울특별시 강남구', '학동로 426', '2024-02-21 15:13:41', NULL);
INSERT INTO `t_address` (`iaddress`, `iuser`, `zip_code`, `address`, `address_detail`, `created_at`, `updated_at`) VALUES (89, 59, '02859', '서울 성북구 안암로 5', '신상 3길', '2024-02-21 15:13:41', NULL);
INSERT INTO `t_address` (`iaddress`, `iuser`, `zip_code`, `address`, `address_detail`, `created_at`, `updated_at`) VALUES (116, 59, '38540', '경북 경산시 압량읍 주들길 9', '12', '2024-02-21 15:13:41', NULL);
INSERT INTO `t_address` (`iaddress`, `iuser`, `zip_code`, `address`, `address_detail`, `created_at`, `updated_at`) VALUES (69, 60, '55041', '전라북도 전주시 완산구', '풍남동3가 64-1', '2024-02-21 15:13:41', NULL);
INSERT INTO `t_address` (`iaddress`, `iuser`, `zip_code`, `address`, `address_detail`, `created_at`, `updated_at`) VALUES (70, 61, '42938', '대구 달성군 가창면 가창동로 3', '공평로 88', '2024-02-21 15:13:41', NULL);
INSERT INTO `t_address` (`iaddress`, `iuser`, `zip_code`, `address`, `address_detail`, `created_at`, `updated_at`) VALUES (71, 61, '42427', '대구 남구 마태산길 5-2', '내방로 1113', '2024-02-21 15:13:41', NULL);
-- childAge
INSERT INTO `t_child_age` (`ichild_age`, `child_age`, `created_at`) VALUES (1, '임신/출산(~0개월)', '2024-01-15 16:52:53');
INSERT INTO `t_child_age` (`ichild_age`, `child_age`, `created_at`) VALUES (2, '신생아(1~3개월)', '2024-01-15 16:53:04');
INSERT INTO `t_child_age` (`ichild_age`, `child_age`, `created_at`) VALUES (3, '베이비(4~23개월)', '2024-01-15 16:53:19');
INSERT INTO `t_child_age` (`ichild_age`, `child_age`, `created_at`) VALUES (4, '키즈(24개월~)', '2024-01-15 16:53:30');
-- userChild
INSERT INTO `t_user_child` (`ichild`, `iuser`, `gender`, `ichild_age`, `created_at`) VALUES (7, 23, 'M', 1, '2024-01-24 12:34:44');
INSERT INTO `t_user_child` (`ichild`, `iuser`, `gender`, `ichild_age`, `created_at`) VALUES (8, 23, 'M', 4, '2024-01-24 12:34:44');
INSERT INTO `t_user_child` (`ichild`, `iuser`, `gender`, `ichild_age`, `created_at`) VALUES (91, 55, 'M', 4, '2024-01-31 10:15:02');
INSERT INTO `t_user_child` (`ichild`, `iuser`, `gender`, `ichild_age`, `created_at`) VALUES (92, 56, 'W', 1, '2024-01-31 10:17:39');
INSERT INTO `t_user_child` (`ichild`, `iuser`, `gender`, `ichild_age`, `created_at`) VALUES (93, 56, 'M', 4, '2024-01-31 10:17:39');
INSERT INTO `t_user_child` (`ichild`, `iuser`, `gender`, `ichild_age`, `created_at`) VALUES (94, 57, 'W', 1, '2024-01-31 10:19:17');
INSERT INTO `t_user_child` (`ichild`, `iuser`, `gender`, `ichild_age`, `created_at`) VALUES (95, 57, 'W', 1, '2024-01-31 10:19:17');
INSERT INTO `t_user_child` (`ichild`, `iuser`, `gender`, `ichild_age`, `created_at`) VALUES (96, 57, 'W', 4, '2024-01-31 10:19:17');
INSERT INTO `t_user_child` (`ichild`, `iuser`, `gender`, `ichild_age`, `created_at`) VALUES (97, 58, 'M', 2, '2024-01-31 10:53:36');
INSERT INTO `t_user_child` (`ichild`, `iuser`, `gender`, `ichild_age`, `created_at`) VALUES (98, 58, 'M', 4, '2024-01-31 10:53:36');
INSERT INTO `t_user_child` (`ichild`, `iuser`, `gender`, `ichild_age`, `created_at`) VALUES (99, 59, 'M', 1, '2024-01-31 10:56:53');
INSERT INTO `t_user_child` (`ichild`, `iuser`, `gender`, `ichild_age`, `created_at`) VALUES (100, 60, 'W', 1, '2024-01-31 10:58:12');
INSERT INTO `t_user_child` (`ichild`, `iuser`, `gender`, `ichild_age`, `created_at`) VALUES (101, 61, 'M', 3, '2024-01-31 11:07:21');
INSERT INTO `t_user_child` (`ichild`, `iuser`, `gender`, `ichild_age`, `created_at`) VALUES (102, 61, 'W', 1, '2024-01-31 11:07:21');
-- mainCategory
INSERT INTO `t_main_category` (`imain`, `main_category`, `created_at`) VALUES	(1, '이유식', '2024-01-10');
INSERT INTO `t_main_category` (`imain`, `main_category`, `created_at`) VALUES	(2, '유아가전', '2024-01-11');
INSERT INTO `t_main_category` (`imain`, `main_category`, `created_at`) VALUES	(3, '놀이용품', '2024-01-11');
INSERT INTO `t_main_category` (`imain`, `main_category`, `created_at`) VALUES	(4, '위생용품', '2024-01-11');
INSERT INTO `t_main_category` (`imain`, `main_category`, `created_at`) VALUES	(5, '모유/수유용품', '2024-01-31');
-- middleCategory
INSERT INTO `t_middle_category` (`imain`, `imiddle`, `middle_category`, `created_at`) VALUES	(1, 1, '초기(4~6개월)', '2024-01-31');
INSERT INTO `t_middle_category` (`imain`, `imiddle`, `middle_category`, `created_at`) VALUES	(2, 1, '살균기', '2024-01-11');
INSERT INTO `t_middle_category` (`imain`, `imiddle`, `middle_category`, `created_at`) VALUES	(3, 1, '유아교구', '2024-01-31');
INSERT INTO `t_middle_category` (`imain`, `imiddle`, `middle_category`, `created_at`) VALUES	(4, 1, '기저귀', '2024-01-11');
INSERT INTO `t_middle_category` (`imain`, `imiddle`, `middle_category`, `created_at`) VALUES	(5, 1, '수유용품', '2024-01-31');
INSERT INTO `t_middle_category` (`imain`, `imiddle`, `middle_category`, `created_at`) VALUES	(1, 2, '중기(7~9개월)', '2024-01-31');
INSERT INTO `t_middle_category` (`imain`, `imiddle`, `middle_category`, `created_at`) VALUES	(2, 2, '기타제품', '2024-01-11');
INSERT INTO `t_middle_category` (`imain`, `imiddle`, `middle_category`, `created_at`) VALUES	(3, 2, '애착인형', '2024-01-11');
INSERT INTO `t_middle_category` (`imain`, `imiddle`, `middle_category`, `created_at`) VALUES	(4, 2, '목욕용품', '2024-01-11');
INSERT INTO `t_middle_category` (`imain`, `imiddle`, `middle_category`, `created_at`) VALUES	(5, 2, '모유용품', '2024-01-31');
INSERT INTO `t_middle_category` (`imain`, `imiddle`, `middle_category`, `created_at`) VALUES	(1, 3, '후기(10~12개월)', '2024-01-31');
INSERT INTO `t_middle_category` (`imain`, `imiddle`, `middle_category`, `created_at`) VALUES	(4, 3, '기타 위생용품', '2024-01-11');
INSERT INTO `t_middle_category` (`imain`, `imiddle`, `middle_category`, `created_at`) VALUES	(1, 4, '완료기(12~24개월)', '2024-01-31');
-- product
INSERT INTO `t_product` (`del_fl`, `new_fl`, `pop_fl`, `price`, `rc_fl`, `candidate_key`, `recommand_age`, `remained_cnt`, `created_at`, `iproduct`, `updated_at`, `product_nm`, `product_details`, `rep_pic`, `admin_memo`) VALUES (0, 0, 0, 29900, 0, 10, 1, 10, '2024-02-01 12:23:11.000000', 47, '2024-02-05 09:50:26.000000', 'led보온분유', '99d221d1-213a-4955-afc0-ad7c9e4e2390.jpg', '444e7898-ed82-4ed0-a549-9b682249028e.jpg', NULL);
INSERT INTO `t_product` (`del_fl`, `new_fl`, `pop_fl`, `price`, `rc_fl`, `candidate_key`, `recommand_age`, `remained_cnt`, `created_at`, `iproduct`, `updated_at`, `product_nm`, `product_details`, `rep_pic`, `admin_memo`) VALUES (0, 0, 0, 39900, 0, 7, 1, 10, '2024-02-01 12:37:31.000000', 48, '2024-02-05 09:49:43.000000', '젖병건조대', '8f895b8a-7ed6-4ee2-9d10-a5bc4592dbf9.jpg', 'e090756f-3a74-469f-8815-dda891345c10.jpg', NULL);
INSERT INTO `t_product` (`del_fl`, `new_fl`, `pop_fl`, `price`, `rc_fl`, `candidate_key`, `recommand_age`, `remained_cnt`, `created_at`, `iproduct`, `updated_at`, `product_nm`, `product_details`, `rep_pic`, `admin_memo`) VALUES (0, 0, 0, 37000, 0, 7, 4, 10, '2024-02-01 12:39:59.000000', 49, '2024-02-05 09:49:34.000000', '스누즐러 - 온몸깔개', 'ac3587e0-20f5-4097-a3c6-3662bf6c7bcd.jpg', '9fb81eb4-8dea-4386-91d5-023e5d79a62c.jpg', NULL);
INSERT INTO `t_product` (`del_fl`, `new_fl`, `pop_fl`, `price`, `rc_fl`, `candidate_key`, `recommand_age`, `remained_cnt`, `created_at`, `iproduct`, `updated_at`, `product_nm`, `product_details`, `rep_pic`, `admin_memo`) VALUES (0, 0, 1, 15000, 0, 8, 3, 10, '2024-02-01 12:43:25.000000', 50, '2024-02-05 09:49:25.000000', '우리말 만능놀이 아기장난감', 'bb8e94db-8c31-478e-a4fd-c9a43e0da3f5.jpg', 'a6192e4e-c22b-41e5-99f0-70eaa8a5678b.jpg', NULL);
INSERT INTO `t_product` (`del_fl`, `new_fl`, `pop_fl`, `price`, `rc_fl`, `candidate_key`, `recommand_age`, `remained_cnt`, `created_at`, `iproduct`, `updated_at`, `product_nm`, `product_details`, `rep_pic`, `admin_memo`) VALUES (0, 0, 1, 10000, 0, 12, 4, 10, '2024-02-01 12:53:18.000000', 51, '2024-02-05 09:49:09.000000', '이유식 밀폐용기', '705e2e10-4895-4532-8bfd-d1047f040652.jpg', 'ccb44fee-9f5e-464f-864e-445fb338efc4.jpg', NULL);
INSERT INTO `t_product` (`del_fl`, `new_fl`, `pop_fl`, `price`, `rc_fl`, `candidate_key`, `recommand_age`, `remained_cnt`, `created_at`, `iproduct`, `updated_at`, `product_nm`, `product_details`, `rep_pic`, `admin_memo`) VALUES (0, 0, 1, 50000, 1, 12, 4, 10, '2024-02-01 12:56:04.000000', 52, '2024-02-01 17:06:22.000000', '이유식 밀폐용기 묶음', '699a39fa-84e0-43bf-abbb-0eb21af7d792.jpg', '163c29b7-a8b1-4e06-a00b-55c9f2c263ba.jpg', NULL);
INSERT INTO `t_product` (`del_fl`, `new_fl`, `pop_fl`, `price`, `rc_fl`, `candidate_key`, `recommand_age`, `remained_cnt`, `created_at`, `iproduct`, `updated_at`, `product_nm`, `product_details`, `rep_pic`, `admin_memo`) VALUES (0, 0, 1, 19800, 1, 8, 2, 10, '2024-02-01 13:02:23.000000', 53, '2024-02-01 17:06:22.000000', '실리콘 공룡', '33260fd3-ce51-491e-a3a0-14c4a9f5fd36.jpg', '2bb51d83-c5bc-4d8f-819a-cd56266195b1.jpg', NULL);
INSERT INTO `t_product` (`del_fl`, `new_fl`, `pop_fl`, `price`, `rc_fl`, `candidate_key`, `recommand_age`, `remained_cnt`, `created_at`, `iproduct`, `updated_at`, `product_nm`, `product_details`, `rep_pic`, `admin_memo`) VALUES (0, 0, 0, 18200, 1, 13, 1, 10, '2024-02-01 13:03:05.000000', 54, '2024-02-01 17:06:15.000000', '루솔 3단계 진밥 스타터 ', 'db0fc9a9-368b-4106-becc-f5147538a950.jpg', 'bc096c89-1f22-4c35-bc8f-73efb313506e.jpg', NULL);
INSERT INTO `t_product` (`del_fl`, `new_fl`, `pop_fl`, `price`, `rc_fl`, `candidate_key`, `recommand_age`, `remained_cnt`, `created_at`, `iproduct`, `updated_at`, `product_nm`, `product_details`, `rep_pic`, `admin_memo`) VALUES (0, 0, 0, 3400, 1, 13, 1, 10, '2024-02-01 13:07:21.000000', 55, '2024-02-01 17:06:14.000000', '루솔 프리미엄 이유식 1단계', '7a0d410b-27d3-48cf-abbb-c0d22e00ff3f.jpg', '67f30b7b-00f2-475e-8915-add261758476.jpg', NULL);
INSERT INTO `t_product` (`del_fl`, `new_fl`, `pop_fl`, `price`, `rc_fl`, `candidate_key`, `recommand_age`, `remained_cnt`, `created_at`, `iproduct`, `updated_at`, `product_nm`, `product_details`, `rep_pic`, `admin_memo`) VALUES (0, 0, 0, 18200, 1, 13, 2, 10, '2024-02-01 13:09:44.000000', 56, '2024-02-01 17:06:14.000000', '루솔 2단계 죽 스타터 ', '9c63e0e1-ab5d-44f7-8954-7a42f73df2c6.jpg', 'cdd646f2-b93e-4ef1-84a1-be4c9cccbf9d.jpg', NULL);
INSERT INTO `t_product` (`del_fl`, `new_fl`, `pop_fl`, `price`, `rc_fl`, `candidate_key`, `recommand_age`, `remained_cnt`, `created_at`, `iproduct`, `updated_at`, `product_nm`, `product_details`, `rep_pic`, `admin_memo`) VALUES (0, 0, 0, 13000, 1, 12, 2, 10, '2024-02-01 13:09:45.000000', 57, '2024-02-01 17:06:14.000000', '향균 천연해면', 'c8e3b7c7-3c17-4086-af97-7961183fcb95.jpg', '2d543a65-100e-4ceb-8742-b45e8a6482e7.jpg', NULL);
INSERT INTO `t_product` (`del_fl`, `new_fl`, `pop_fl`, `price`, `rc_fl`, `candidate_key`, `recommand_age`, `remained_cnt`, `created_at`, `iproduct`, `updated_at`, `product_nm`, `product_details`, `rep_pic`, `admin_memo`) VALUES (0, 0, 0, 28000, 1, 13, 2, 10, '2024-02-01 13:12:43.000000', 58, '2024-02-01 17:06:13.000000', '루솔 프리미엄 이유식 2단 ', '5aecca6e-36c1-406e-8cb9-184635bb4b83.jpg', '3b3c5cab-d318-44df-9aee-3901f34ac6eb.jpg', NULL);
INSERT INTO `t_product` (`del_fl`, `new_fl`, `pop_fl`, `price`, `rc_fl`, `candidate_key`, `recommand_age`, `remained_cnt`, `created_at`, `iproduct`, `updated_at`, `product_nm`, `product_details`, `rep_pic`, `admin_memo`) VALUES (0, 0, 1, 18000, 0, 12, 1, 10, '2024-02-01 14:43:24.000000', 59, '2024-02-05 09:51:15.000000', '한 입 초기 이유식 스푼 2P 세트 (케이스포함) ', 'ee8d51bc-cebc-423f-ab0e-e2a67fbc778d.jpg', 'caa6bde1-232c-491c-96ea-c717f8d0cb52.jpg', NULL);
INSERT INTO `t_product` (`del_fl`, `new_fl`, `pop_fl`, `price`, `rc_fl`, `candidate_key`, `recommand_age`, `remained_cnt`, `created_at`, `iproduct`, `updated_at`, `product_nm`, `product_details`, `rep_pic`, `admin_memo`) VALUES (0, 0, 1, 75000, 0, 7, 1, 10, '2024-02-01 14:58:34.000000', 60, '2024-02-05 09:51:19.000000', '휴대용 멀티 소독 ', '623a64ec-b69c-4aa0-b6fe-12ce8bf18a7d.jpg', 'e31bdfe9-6cfc-48e6-842e-0f9d36bc14a5.jpg', NULL);
INSERT INTO `t_product` (`del_fl`, `new_fl`, `pop_fl`, `price`, `rc_fl`, `candidate_key`, `recommand_age`, `remained_cnt`, `created_at`, `iproduct`, `updated_at`, `product_nm`, `product_details`, `rep_pic`, `admin_memo`) VALUES (0, 0, 0, 3700, 0, 13, 4, 10, '2024-02-01 15:08:14.000000', 63, '2024-02-05 17:31:11.000000', '이유식 완료기', '1a426eb9-025e-43cd-8710-ca6d369a150e.jpg', '30a7c0b4-284c-4def-8e6a-487d6bb73615.jpg', NULL);
INSERT INTO `t_product` (`del_fl`, `new_fl`, `pop_fl`, `price`, `rc_fl`, `candidate_key`, `recommand_age`, `remained_cnt`, `created_at`, `iproduct`, `updated_at`, `product_nm`, `product_details`, `rep_pic`, `admin_memo`) VALUES (0, 0, 0, 84500, 0, 8, 4, 10, '2024-02-01 15:37:28.000000', 64, '2024-02-05 17:31:14.000000', '돌 아기 장난감 플레이볼센', '31d5ff4a-2e17-4c4b-bf4e-4e6b22076d03.jpg', '4ebb426c-9db1-4658-8674-477efed35ced.jpg', NULL);
INSERT INTO `t_product` (`del_fl`, `new_fl`, `pop_fl`, `price`, `rc_fl`, `candidate_key`, `recommand_age`, `remained_cnt`, `created_at`, `iproduct`, `updated_at`, `product_nm`, `product_details`, `rep_pic`, `admin_memo`) VALUES (0, 0, 1, 32900, 0, 8, 1, 10, '2024-02-01 15:44:48.000000', 65, '2024-02-05 11:14:10.000000', '변신 큐브', '067a321e-a1f4-470a-a3f4-cff6fcf370cc.jpg', '249e5d36-8570-44e4-991d-c823a05a8011.jpg', NULL);
INSERT INTO `t_product` (`del_fl`, `new_fl`, `pop_fl`, `price`, `rc_fl`, `candidate_key`, `recommand_age`, `remained_cnt`, `created_at`, `iproduct`, `updated_at`, `product_nm`, `product_details`, `rep_pic`, `admin_memo`) VALUES (0, 0, 1, 34500, 0, 10, 1, 10, '2024-02-01 15:55:25.000000', 66, '2024-02-05 11:14:09.000000', '260ml 수유 아기젖병', '80efbf80-8b8e-4e19-a820-6b50e2d1f292.jpg', '5738446d-8ad3-4b32-81c0-3ab3082acebf.jpg', NULL);
INSERT INTO `t_product` (`del_fl`, `new_fl`, `pop_fl`, `price`, `rc_fl`, `candidate_key`, `recommand_age`, `remained_cnt`, `created_at`, `iproduct`, `updated_at`, `product_nm`, `product_details`, `rep_pic`, `admin_memo`) VALUES (0, 0, 1, 44000, 0, 12, 1, 10, '2024-02-01 16:03:43.000000', 67, '2024-02-05 11:14:09.000000', '아이 콧물흡입기', 'dfe8cf7d-76ea-4afa-908b-3037f2c84f36.jpg', 'ecba350d-534f-4f6f-b870-99f36347b87c.png', NULL);
INSERT INTO `t_product` (`del_fl`, `new_fl`, `pop_fl`, `price`, `rc_fl`, `candidate_key`, `recommand_age`, `remained_cnt`, `created_at`, `iproduct`, `updated_at`, `product_nm`, `product_details`, `rep_pic`, `admin_memo`) VALUES (0, 0, 0, 37900, 0, 12, 1, 10, '2024-02-01 16:30:29.000000', 68, '2024-02-05 11:14:08.000000', '원더바이원더 밴더 1BOX', '06e7ba14-1729-44c4-bc0a-c7ab733bbc3d.jpg', 'fd67f923-2e6d-4696-a960-bf379504d2b3.jpg', NULL);
INSERT INTO `t_product` (`del_fl`, `new_fl`, `pop_fl`, `price`, `rc_fl`, `candidate_key`, `recommand_age`, `remained_cnt`, `created_at`, `iproduct`, `updated_at`, `product_nm`, `product_details`, `rep_pic`, `admin_memo`) VALUES (0, 1, 0, 16900, 0, 12, 1, 10, '2024-02-01 16:34:09.000000', 69, '2024-02-01 17:06:01.000000', '타요 안심물티슈 캡형 60매 10', '76cbe866-6871-4cf6-bdec-377b0f1acb92.jpg', 'e2716dcc-afa8-4f6d-ada6-abf5ff3309c2.jpg', NULL);
INSERT INTO `t_product` (`del_fl`, `new_fl`, `pop_fl`, `price`, `rc_fl`, `candidate_key`, `recommand_age`, `remained_cnt`, `created_at`, `iproduct`, `updated_at`, `product_nm`, `product_details`, `rep_pic`, `admin_memo`) VALUES (0, 1, 0, 250000, 0, 10, 1, 10, '2024-02-01 16:50:29.000000', 70, '2024-02-01 17:06:01.000000', '메델라 휴대 전동유축기 ', 'b5a11b75-9a41-4a41-aec9-48c0ca6e8d78.jpg', '58798484-36f7-40fa-bb46-94b31f80f100.png', NULL);
INSERT INTO `t_product` (`del_fl`, `new_fl`, `pop_fl`, `price`, `rc_fl`, `candidate_key`, `recommand_age`, `remained_cnt`, `created_at`, `iproduct`, `updated_at`, `product_nm`, `product_details`, `rep_pic`, `admin_memo`) VALUES (0, 0, 0, 31000, 1, 13, 1, 10, '2024-02-01 17:09:21.000000', 71, '2024-02-05 11:13:49.000000', '실온이유식 완료기(100g * 10개) ', 'c754d06d-af93-4085-a3a1-3f86973eb09b.jpg', '1d2746f1-364a-4833-ad92-4c0beab3720b.jpg', NULL);
INSERT INTO `t_product` (`del_fl`, `new_fl`, `pop_fl`, `price`, `rc_fl`, `candidate_key`, `recommand_age`, `remained_cnt`, `created_at`, `iproduct`, `updated_at`, `product_nm`, `product_details`, `rep_pic`, `admin_memo`) VALUES (0, 0, 0, 14900, 1, 12, 1, 10, '2024-02-01 17:56:38.000000', 72, '2024-02-05 11:13:48.000000', '팸퍼스 이른둥이 기저귀', '017194d5-829d-4860-9852-1cfecf10c327.jpg', '46d20705-800b-49b2-8417-40ce33fe2a64.jpg', NULL);
INSERT INTO `t_product` (`del_fl`, `new_fl`, `pop_fl`, `price`, `rc_fl`, `candidate_key`, `recommand_age`, `remained_cnt`, `created_at`, `iproduct`, `updated_at`, `product_nm`, `product_details`, `rep_pic`, `admin_memo`) VALUES (0, 0, 0, 45500, 1, 12, 1, 10, '2024-02-01 18:07:47.000000', 73, '2024-02-05 11:13:47.000000', '하기스 네이처메이드 밴드형/팬티형 1~5단계 1박스', '711413cf-0cb0-4f7d-b2db-33ae77747855.jpg', 'f9bbff2a-713c-42be-b801-7ec3657afe98.jpg', NULL);
INSERT INTO `t_product` (`del_fl`, `new_fl`, `pop_fl`, `price`, `rc_fl`, `candidate_key`, `recommand_age`, `remained_cnt`, `created_at`, `iproduct`, `updated_at`, `product_nm`, `product_details`, `rep_pic`, `admin_memo`) VALUES (0, 0, 0, 18500, 1, 12, 1, 10, '2024-02-02 11:47:21.000000', 74, '2024-02-05 11:13:47.000000', '뽀로로 휴대용 접이식 유아변기커버 시트 파우치', '677ca682-c062-48ff-89c3-9f313aba7fb9.jpg', '2a410e52-f7c1-48bf-b7fc-33fa92ddd635.png', NULL);
INSERT INTO `t_product` (`del_fl`, `new_fl`, `pop_fl`, `price`, `rc_fl`, `candidate_key`, `recommand_age`, `remained_cnt`, `created_at`, `iproduct`, `updated_at`, `product_nm`, `product_details`, `rep_pic`, `admin_memo`) VALUES (0, 0, 0, 21000, 1, 13, 1, 10, '2024-02-02 11:54:41.000000', 75, '2024-02-05 11:13:46.000000', '한우오트밀죽 150g + 한우펌킨죽 150g + 한우병아리콩죽 150g + 아기백숙 150g 세트, 혼합맛, 1세트', '9baaa2a4-05b1-4556-923e-22a7af4f3701.jpg', 'd3727288-13f7-4d49-9878-6b7fd0729b8c.jpg', NULL);
INSERT INTO `t_product` (`del_fl`, `new_fl`, `pop_fl`, `price`, `rc_fl`, `candidate_key`, `recommand_age`, `remained_cnt`, `created_at`, `iproduct`, `updated_at`, `product_nm`, `product_details`, `rep_pic`, `admin_memo`) VALUES (0, 1, 0, 14500, 0, 13, 4, 10, '2024-02-02 12:04:46.000000', 76, '2024-02-05 11:13:46.000000', '엘빈즈 클래식 냉장 이유식 초기 (감자미음 + 단호박미음 + 초유쌀 미음 +고구마미음 x140g 1세트)', '75122bbd-c172-4b66-8004-e9cfc1ac83aa.jpg', '29792c19-7a66-4bd7-9d30-c1f36149588b.jpg', NULL);
INSERT INTO `t_product` (`del_fl`, `new_fl`, `pop_fl`, `price`, `rc_fl`, `candidate_key`, `recommand_age`, `remained_cnt`, `created_at`, `iproduct`, `updated_at`, `product_nm`, `product_details`, `rep_pic`, `admin_memo`) VALUES (0, 1, 0, 24500, 0, 13, 4, 10, '2024-02-02 12:20:25.000000', 78, '2024-02-05 11:13:42.000000', '엘빈즈 클래식 냉장 이유식 후기 (돼지고기사과진밥 + 닭가슴진밥 + 치즈흰살생선진밥 + 한우비타민채진밥 + 한우퀴노아버섯진밥 + 곤드레단호박진밥) x180g 1 세트)', 'b4bc5bc0-3f8d-4d71-9059-06ccd29709fa.jpg', '67760b15-ecc1-4a9d-a89e-32ea571ac3a6.jpg', NULL);
INSERT INTO `t_product` (`del_fl`, `new_fl`, `pop_fl`, `price`, `rc_fl`, `candidate_key`, `recommand_age`, `remained_cnt`, `created_at`, `iproduct`, `updated_at`, `product_nm`, `product_details`, `rep_pic`, `admin_memo`) VALUES (0, 1, 0, 24500, 0, 13, 4, 10, '2024-02-02 12:23:16.000000', 79, '2024-02-05 11:13:41.000000', '엘빈즈 클래식 냉장 이유식 완료기 (대게살한우아기밥 + 닭가슴살단호박카레아기밥 + 곤드레닭가슴살아기밥 + 고구마단호박아기밥 + 퀴노아한우버섯아기밥 + 돼지고기부추아기밥) x 160g × 1세트', '7669bbf5-e342-4f08-a6a1-35a284131ecf.jpg', 'dfe49d1d-7fb4-4647-b355-dd1d079981e3.jpg', NULL);
INSERT INTO `t_product` (`del_fl`, `new_fl`, `pop_fl`, `price`, `rc_fl`, `candidate_key`, `recommand_age`, `remained_cnt`, `created_at`, `iproduct`, `updated_at`, `product_nm`, `product_details`, `rep_pic`, `admin_memo`) VALUES (0, 1, 0, 15500, 0, 13, 4, 10, '2024-02-02 12:27:15.000000', 80, '2024-02-05 11:13:40.000000', '엘빈즈 클래식 이유식 중기 한우세트 (한우새송이죽 + 배사과한우죽 + 한우비타민채죽 + 검은콩한우죽) x 180g × 1세트', '750d2dee-f312-4daa-b65b-a2fe1f5b6174.jpg', 'd0aaaafe-a755-4a46-885e-563d62fff6bd.jpg', NULL);
INSERT INTO `t_product` (`del_fl`, `new_fl`, `pop_fl`, `price`, `rc_fl`, `candidate_key`, `recommand_age`, `remained_cnt`, `created_at`, `iproduct`, `updated_at`, `product_nm`, `product_details`, `rep_pic`, `admin_memo`) VALUES (0, 1, 0, 56800, 0, 7, 1, 10, '2024-02-02 12:31:28.000000', 81, '2024-02-05 11:13:41.000000', '보아르 보틀워머 젖병 살균기', '418660d2-9725-405f-8149-82e914d71b07.jpg', '54c8c1e1-8670-4bc7-b321-e28c3dbe63d8.jpg', NULL);
INSERT INTO `t_product` (`del_fl`, `new_fl`, `pop_fl`, `price`, `rc_fl`, `candidate_key`, `recommand_age`, `remained_cnt`, `created_at`, `iproduct`, `updated_at`, `product_nm`, `product_details`, `rep_pic`, `admin_memo`) VALUES (0, 1, 1, 20800, 0, 7, 4, 10, '2024-02-02 12:35:55.000000', 83, '2024-02-05 12:02:57.000000', '아이존 핑크퐁 아기상어 악기세트 리듬악기', '653c9015-37d0-4bee-a692-0609798fc2bd.jpg', 'b10bc494-ea09-4feb-96a9-6526fb1bcf69.jpg', NULL);
INSERT INTO `t_product` (`del_fl`, `new_fl`, `pop_fl`, `price`, `rc_fl`, `candidate_key`, `recommand_age`, `remained_cnt`, `created_at`, `iproduct`, `updated_at`, `product_nm`, `product_details`, `rep_pic`, `admin_memo`) VALUES (0, 1, 1, 14000, 0, 8, 1, 10, '2024-02-02 12:44:26.000000', 84, '2024-02-05 12:02:58.000000', '스트링 도형 맞추기 14피스', '9fabb6b6-7288-47f9-a73d-ccc237abb6ff.jpg', 'bf948ee6-130e-4725-a4d5-390135d0c3ad.jpg', NULL);
INSERT INTO `t_product` (`del_fl`, `new_fl`, `pop_fl`, `price`, `rc_fl`, `candidate_key`, `recommand_age`, `remained_cnt`, `created_at`, `iproduct`, `updated_at`, `product_nm`, `product_details`, `rep_pic`, `admin_memo`) VALUES (0, 1, 1, 26500, 0, 8, 4, 10, '2024-02-02 12:48:41.000000', 85, '2024-02-05 12:02:59.000000', '밀리언달러베이비 오가닉인형 애착토끼 30x60cm', '08ff3d7a-7fee-4778-ae18-c1c9e69ae685.jpg', '75dd07e9-1e85-404c-8d8d-3be904e7dd4b.jpg', NULL);
INSERT INTO `t_product` (`del_fl`, `new_fl`, `pop_fl`, `price`, `rc_fl`, `candidate_key`, `recommand_age`, `remained_cnt`, `created_at`, `iproduct`, `updated_at`, `product_nm`, `product_details`, `rep_pic`, `admin_memo`) VALUES (0, 1, 0, 22000, 0, 8, 3, 10, '2024-02-02 13:03:06.000000', 86, '2024-02-05 11:13:38.000000', '토끼 버니 말랑 부드러운 인형', '5e3f533b-7363-4b3e-a19d-ed9ae1ca9676.jpg', '209888ed-617a-4d97-ac0d-1f64a9cc90ba.jpg', NULL);
INSERT INTO `t_product` (`del_fl`, `new_fl`, `pop_fl`, `price`, `rc_fl`, `candidate_key`, `recommand_age`, `remained_cnt`, `created_at`, `iproduct`, `updated_at`, `product_nm`, `product_details`, `rep_pic`, `admin_memo`) VALUES (0, 1, 0, 201600, 0, 10, 1, 10, '2024-02-02 13:14:27.000000', 87, '2024-02-05 11:13:37.000000', '유니맘 모유 저장팩 210ml 120매 32개', 'ce8ec16e-861b-47b8-99e2-2e36b95b9f06.jpg', '6187e1fc-e2be-4643-baf4-4cda6b5a7095.jpg', NULL);
INSERT INTO `t_product` (`del_fl`, `new_fl`, `pop_fl`, `price`, `rc_fl`, `candidate_key`, `recommand_age`, `remained_cnt`, `created_at`, `iproduct`, `updated_at`, `product_nm`, `product_details`, `rep_pic`, `admin_memo`) VALUES (0, 1, 0, 7990, 0, 10, 1, 10, '2024-02-02 13:15:33.000000', 88, '2024-02-05 11:13:37.000000', '유니맘 모유 저장팩 210ml 120매 1개', '8f26def6-3ed4-4d33-bf34-de707f0cb446.jpg', '8af04d06-63df-4c02-8ed0-5de7ec7866c0.jpg', NULL);
-- productPic
INSERT INTO `t_product_pics` (`iproduct_pics`, `iproduct`, `product_pic`, `created_at`) VALUES	(9, 47, '0cc58111-4d0f-46ad-aaa8-103ca7af9c5f.jpg', '2024-02-01 12:23:11');
INSERT INTO `t_product_pics` (`iproduct_pics`, `iproduct`, `product_pic`, `created_at`) VALUES	(10, 48, 'b0403e2b-a544-4e56-9a3c-a66353a78517.jpg', '2024-02-01 12:37:31');
INSERT INTO `t_product_pics` (`iproduct_pics`, `iproduct`, `product_pic`, `created_at`) VALUES	(11, 49, '579ddba0-5365-4d61-854b-e3b340ed1e43.jpg', '2024-02-01 12:39:59');
INSERT INTO `t_product_pics` (`iproduct_pics`, `iproduct`, `product_pic`, `created_at`) VALUES	(12, 50, '1474b7c5-676c-491e-9568-a24d1b7ed573.jpg', '2024-02-01 12:43:25');
INSERT INTO `t_product_pics` (`iproduct_pics`, `iproduct`, `product_pic`, `created_at`) VALUES	(13, 51, '5e0f6b90-b436-43a1-abe2-2ddfcafe5734.jpg', '2024-02-01 12:53:18');
INSERT INTO `t_product_pics` (`iproduct_pics`, `iproduct`, `product_pic`, `created_at`) VALUES	(14, 52, '163c29b7-a8b1-4e06-a00b-55c9f2c263ba.jpg', '2024-02-01 12:56:04');
INSERT INTO `t_product_pics` (`iproduct_pics`, `iproduct`, `product_pic`, `created_at`) VALUES	(15, 53, '2bb51d83-c5bc-4d8f-819a-cd56266195b1.jpg', '2024-02-01 13:02:23');
INSERT INTO `t_product_pics` (`iproduct_pics`, `iproduct`, `product_pic`, `created_at`) VALUES	(16, 54, 'bc096c89-1f22-4c35-bc8f-73efb313506e.jpg', '2024-02-01 13:03:05');
INSERT INTO `t_product_pics` (`iproduct_pics`, `iproduct`, `product_pic`, `created_at`) VALUES	(17, 55, '67f30b7b-00f2-475e-8915-add261758476.jpg', '2024-02-01 13:07:21');
INSERT INTO `t_product_pics` (`iproduct_pics`, `iproduct`, `product_pic`, `created_at`) VALUES	(18, 56, 'cdd646f2-b93e-4ef1-84a1-be4c9cccbf9d.jpg', '2024-02-01 13:09:44');
INSERT INTO `t_product_pics` (`iproduct_pics`, `iproduct`, `product_pic`, `created_at`) VALUES	(19, 57, '2d543a65-100e-4ceb-8742-b45e8a6482e7.jpg', '2024-02-01 13:09:45');
INSERT INTO `t_product_pics` (`iproduct_pics`, `iproduct`, `product_pic`, `created_at`) VALUES	(20, 58, '3b3c5cab-d318-44df-9aee-3901f34ac6eb.jpg', '2024-02-01 13:12:43');
INSERT INTO `t_product_pics` (`iproduct_pics`, `iproduct`, `product_pic`, `created_at`) VALUES	(21, 59, 'caa6bde1-232c-491c-96ea-c717f8d0cb52.jpg', '2024-02-01 14:43:24');
INSERT INTO `t_product_pics` (`iproduct_pics`, `iproduct`, `product_pic`, `created_at`) VALUES	(22, 59, '06e66859-e723-401b-90c3-78efc1dbe524.jpg', '2024-02-01 14:43:24');
INSERT INTO `t_product_pics` (`iproduct_pics`, `iproduct`, `product_pic`, `created_at`) VALUES	(23, 59, 'eb7d33ca-d07b-48ac-85f4-f38a39c3ddf5.jpg', '2024-02-01 14:43:24');
INSERT INTO `t_product_pics` (`iproduct_pics`, `iproduct`, `product_pic`, `created_at`) VALUES	(24, 60, 'e31bdfe9-6cfc-48e6-842e-0f9d36bc14a5.jpg', '2024-02-01 14:58:34');
INSERT INTO `t_product_pics` (`iproduct_pics`, `iproduct`, `product_pic`, `created_at`) VALUES	(25, 60, '0bc75090-7db4-4bfa-b333-7d6dbda315a9.jpg', '2024-02-01 14:58:34');
INSERT INTO `t_product_pics` (`iproduct_pics`, `iproduct`, `product_pic`, `created_at`) VALUES	(26, 60, '6e65be22-6d79-4891-a687-cd3abeced144.jpg', '2024-02-01 14:58:34');
INSERT INTO `t_product_pics` (`iproduct_pics`, `iproduct`, `product_pic`, `created_at`) VALUES	(28, 63, '30a7c0b4-284c-4def-8e6a-487d6bb73615.jpg', '2024-02-01 15:08:14');
INSERT INTO `t_product_pics` (`iproduct_pics`, `iproduct`, `product_pic`, `created_at`) VALUES	(29, 64, '4ebb426c-9db1-4658-8674-477efed35ced.jpg', '2024-02-01 15:37:28');
INSERT INTO `t_product_pics` (`iproduct_pics`, `iproduct`, `product_pic`, `created_at`) VALUES	(30, 64, 'e79702b2-ca93-43ae-a931-05313ed8b3a4.jpg', '2024-02-01 15:37:28');
INSERT INTO `t_product_pics` (`iproduct_pics`, `iproduct`, `product_pic`, `created_at`) VALUES	(31, 64, '526059f6-823e-4f2f-9be4-ed117033e0b3.jpg', '2024-02-01 15:37:28');
INSERT INTO `t_product_pics` (`iproduct_pics`, `iproduct`, `product_pic`, `created_at`) VALUES	(32, 65, '249e5d36-8570-44e4-991d-c823a05a8011.jpg', '2024-02-01 15:44:48');
INSERT INTO `t_product_pics` (`iproduct_pics`, `iproduct`, `product_pic`, `created_at`) VALUES	(33, 65, '6f51e893-6e07-4e5e-ad3e-36e33d1ee2d5.jpg', '2024-02-01 15:44:48');
INSERT INTO `t_product_pics` (`iproduct_pics`, `iproduct`, `product_pic`, `created_at`) VALUES	(34, 66, '5738446d-8ad3-4b32-81c0-3ab3082acebf.jpg', '2024-02-01 15:55:25');
INSERT INTO `t_product_pics` (`iproduct_pics`, `iproduct`, `product_pic`, `created_at`) VALUES	(35, 67, 'ecba350d-534f-4f6f-b870-99f36347b87c.png', '2024-02-01 16:03:43');
INSERT INTO `t_product_pics` (`iproduct_pics`, `iproduct`, `product_pic`, `created_at`) VALUES	(36, 67, '57dbe685-af9f-4eff-85c7-c05666b78029.jpg', '2024-02-01 16:03:43');
INSERT INTO `t_product_pics` (`iproduct_pics`, `iproduct`, `product_pic`, `created_at`) VALUES	(37, 68, 'fd67f923-2e6d-4696-a960-bf379504d2b3.jpg', '2024-02-01 16:30:29');
INSERT INTO `t_product_pics` (`iproduct_pics`, `iproduct`, `product_pic`, `created_at`) VALUES	(38, 68, '5e029d00-b21a-46ad-8c2e-874da1b6724b.jpg', '2024-02-01 16:30:29');
INSERT INTO `t_product_pics` (`iproduct_pics`, `iproduct`, `product_pic`, `created_at`) VALUES	(39, 69, 'e2716dcc-afa8-4f6d-ada6-abf5ff3309c2.jpg', '2024-02-01 16:34:09');
INSERT INTO `t_product_pics` (`iproduct_pics`, `iproduct`, `product_pic`, `created_at`) VALUES	(40, 69, '366f34ab-3455-4b67-8605-772360838b44.jpg', '2024-02-01 16:34:09');
INSERT INTO `t_product_pics` (`iproduct_pics`, `iproduct`, `product_pic`, `created_at`) VALUES	(41, 70, '58798484-36f7-40fa-bb46-94b31f80f100.png', '2024-02-01 16:50:29');
INSERT INTO `t_product_pics` (`iproduct_pics`, `iproduct`, `product_pic`, `created_at`) VALUES	(42, 70, '8fcdb61b-e1ad-4184-a8b3-376530af012e.png', '2024-02-01 16:50:29');
INSERT INTO `t_product_pics` (`iproduct_pics`, `iproduct`, `product_pic`, `created_at`) VALUES	(43, 70, '90546f14-d9cd-46fa-9cbe-80d32cc7ecaa.png', '2024-02-01 16:50:29');
INSERT INTO `t_product_pics` (`iproduct_pics`, `iproduct`, `product_pic`, `created_at`) VALUES	(44, 71, '1d2746f1-364a-4833-ad92-4c0beab3720b.jpg', '2024-02-01 17:09:21');
INSERT INTO `t_product_pics` (`iproduct_pics`, `iproduct`, `product_pic`, `created_at`) VALUES	(45, 71, 'ca3c2752-30ce-4345-876d-7cf0aa93c3e1.jpg', '2024-02-01 17:09:21');
INSERT INTO `t_product_pics` (`iproduct_pics`, `iproduct`, `product_pic`, `created_at`) VALUES	(46, 71, '62fb3596-23b3-4e25-ae03-71907594f821.jpg', '2024-02-01 17:09:21');
INSERT INTO `t_product_pics` (`iproduct_pics`, `iproduct`, `product_pic`, `created_at`) VALUES	(47, 72, '46d20705-800b-49b2-8417-40ce33fe2a64.jpg', '2024-02-01 17:56:38');
INSERT INTO `t_product_pics` (`iproduct_pics`, `iproduct`, `product_pic`, `created_at`) VALUES	(48, 72, 'ebd6c041-0643-4d1e-b9cb-bf604dc9ae00.jpg', '2024-02-01 17:56:38');
INSERT INTO `t_product_pics` (`iproduct_pics`, `iproduct`, `product_pic`, `created_at`) VALUES	(49, 72, 'dc23a3a1-3cba-4257-a2ef-45994fd7fa7a.jpg', '2024-02-01 17:56:38');
INSERT INTO `t_product_pics` (`iproduct_pics`, `iproduct`, `product_pic`, `created_at`) VALUES	(50, 73, 'f9bbff2a-713c-42be-b801-7ec3657afe98.jpg', '2024-02-01 18:07:47');
INSERT INTO `t_product_pics` (`iproduct_pics`, `iproduct`, `product_pic`, `created_at`) VALUES	(51, 73, '5b98f9f6-4e78-4e3d-a808-dfa49ae64858.jpg', '2024-02-01 18:07:47');
INSERT INTO `t_product_pics` (`iproduct_pics`, `iproduct`, `product_pic`, `created_at`) VALUES	(52, 73, '1e1e1432-ebb8-49f1-aa1a-b59f5b1bb29b.jpg', '2024-02-01 18:07:47');
-- tPaymentOption
INSERT INTO `t_payment_option` (`ipayment_option`, `payment_option`, `created_at`) VALUES	(1, '결제 수단 미지정', '2024-01-11');
INSERT INTO `t_payment_option` (`ipayment_option`, `payment_option`, `created_at`) VALUES	(2, '무통장 입금', '2024-01-11');
INSERT INTO `t_payment_option` (`ipayment_option`, `payment_option`, `created_at`) VALUES	(3, '카드', '2024-01-11');
-- tOrder
INSERT INTO `t_order` (`delete_fl`, `process_state`, `total_price`, `created_at`, `deleted_at`, `delivered_at`, `deposited_at`, `iaddress`, `iorder`, `ipayment_option`, `iuser`, `updated_at`, `phone_number`, `address_nm`, `email`, `delivery_request`) VALUES (1, 4, 70400, '2024-02-01 14:31:24.000000', NULL, NULL, NULL, 64, 100137, 3, 55, '2024-02-01 16:05:45.000000', '010-3192-2910', '이정도', 'leejungdo@gmail.com', NULL);
INSERT INTO `t_order` (`delete_fl`, `process_state`, `total_price`, `created_at`, `deleted_at`, `delivered_at`, `deposited_at`, `iaddress`, `iorder`, `ipayment_option`, `iuser`, `updated_at`, `phone_number`, `address_nm`, `email`, `delivery_request`) VALUES (1, 1, 438400, '2023-02-01 14:31:24.000000', NULL, NULL, NULL, 66, 100115, 2, 57, '2024-02-01 16:03:18.000000', '010-4280-1991', '김성은', 'sunny@daum.net', NULL);
INSERT INTO `t_order` (`delete_fl`, `process_state`, `total_price`, `created_at`, `deleted_at`, `delivered_at`, `deposited_at`, `iaddress`, `iorder`, `ipayment_option`, `iuser`, `updated_at`, `phone_number`, `address_nm`, `email`, `delivery_request`) VALUES (1, 1, 421800, '2024-02-02 14:31:24.000000', NULL, NULL, NULL, 70, 100098, 2, 61, '2024-02-01 14:55:33.000000', '010-8591-4011', '정지수', 'jisoocity@naver.com', NULL);
INSERT INTO `t_order` (`delete_fl`, `process_state`, `total_price`, `created_at`, `deleted_at`, `delivered_at`, `deposited_at`, `iaddress`, `iorder`, `ipayment_option`, `iuser`, `updated_at`, `phone_number`, `address_nm`, `email`, `delivery_request`) VALUES (1, 1, 79800, '2024-02-03 14:31:24.000000', NULL, NULL, NULL, 64, 100133, 2, 55, '2024-02-01 14:56:38.000000', '010-3192-2910', '이정도', 'leejungdo@gmail.com', NULL);
INSERT INTO `t_order` (`delete_fl`, `process_state`, `total_price`, `created_at`, `deleted_at`, `delivered_at`, `deposited_at`, `iaddress`, `iorder`, `ipayment_option`, `iuser`, `updated_at`, `phone_number`, `address_nm`, `email`, `delivery_request`) VALUES (0, 4, 240000, '2024-02-01 14:31:24.000000', NULL, NULL, NULL, 67, 100088, 3, 58, '2024-02-01 16:46:48.000000', '010-8491-3982', '구일모', 'johnny@gmail.com', NULL);
INSERT INTO `t_order` (`delete_fl`, `process_state`, `total_price`, `created_at`, `deleted_at`, `delivered_at`, `deposited_at`, `iaddress`, `iorder`, `ipayment_option`, `iuser`, `updated_at`, `phone_number`, `address_nm`, `email`, `delivery_request`) VALUES (0, 4, 453600, '2024-02-01 14:31:24.000000', NULL, NULL, NULL, 65, 100103, 3, 56, '2024-02-01 16:02:52.000000', '010-2215-1234', '김재완', 'jaewan@gmail.com', NULL);
INSERT INTO `t_order` (`delete_fl`, `process_state`, `total_price`, `created_at`, `deleted_at`, `delivered_at`, `deposited_at`, `iaddress`, `iorder`, `ipayment_option`, `iuser`, `updated_at`, `phone_number`, `address_nm`, `email`, `delivery_request`) VALUES (0, 2, 337000, '2024-02-01 14:31:24.000000', NULL, NULL, NULL, 65, 100105, 3, 56, '2024-02-01 16:02:52.000000', '010-2215-1234', '김재완', 'jaewan@gmail.com', NULL);
INSERT INTO `t_order` (`delete_fl`, `process_state`, `total_price`, `created_at`, `deleted_at`, `delivered_at`, `deposited_at`, `iaddress`, `iorder`, `ipayment_option`, `iuser`, `updated_at`, `phone_number`, `address_nm`, `email`, `delivery_request`) VALUES (0, 1, 210000, '2024-02-01 14:31:24.000000', NULL, NULL, NULL, 65, 100106, 2, 56, '2024-02-01 14:55:33.000000', '010-2215-1234', '김재완', 'jaewan@gmail.com', NULL);
INSERT INTO `t_order` (`delete_fl`, `process_state`, `total_price`, `created_at`, `deleted_at`, `delivered_at`, `deposited_at`, `iaddress`, `iorder`, `ipayment_option`, `iuser`, `updated_at`, `phone_number`, `address_nm`, `email`, `delivery_request`) VALUES (0, 3, 113000, '2024-02-01 14:31:24.000000', NULL, NULL, NULL, 70, 100107, 3, 61, '2024-02-01 16:02:52.000000', '010-8591-4011', '정지수', 'jisoocity@naver.com', NULL);
INSERT INTO `t_order` (`delete_fl`, `process_state`, `total_price`, `created_at`, `deleted_at`, `delivered_at`, `deposited_at`, `iaddress`, `iorder`, `ipayment_option`, `iuser`, `updated_at`, `phone_number`, `address_nm`, `email`, `delivery_request`) VALUES (0, 2, 351000, '2024-02-01 14:31:24.000000', NULL, NULL, NULL, 69, 100108, 3, 60, '2024-02-01 16:02:52.000000', '010-9311-9411', '이강인', 'kanginlee@hanmail.net', NULL);
INSERT INTO `t_order` (`delete_fl`, `process_state`, `total_price`, `created_at`, `deleted_at`, `delivered_at`, `deposited_at`, `iaddress`, `iorder`, `ipayment_option`, `iuser`, `updated_at`, `phone_number`, `address_nm`, `email`, `delivery_request`) VALUES (0, 2, 218800, '2023-03-01 14:31:24.000000', NULL, NULL, NULL, 70, 100109, 3, 61, '2024-02-01 16:02:52.000000', '010-8591-4011', '정지수', 'jisoocity@naver.com', NULL);
INSERT INTO `t_order` (`delete_fl`, `process_state`, `total_price`, `created_at`, `deleted_at`, `delivered_at`, `deposited_at`, `iaddress`, `iorder`, `ipayment_option`, `iuser`, `updated_at`, `phone_number`, `address_nm`, `email`, `delivery_request`) VALUES (0, 2, 418000, '2023-03-01 14:31:24.000000', NULL, NULL, NULL, 65, 100110, 3, 56, '2024-02-01 16:02:52.000000', '010-2215-1234', '김재완', 'jaewan@gmail.com', NULL);
INSERT INTO `t_order` (`delete_fl`, `process_state`, `total_price`, `created_at`, `deleted_at`, `delivered_at`, `deposited_at`, `iaddress`, `iorder`, `ipayment_option`, `iuser`, `updated_at`, `phone_number`, `address_nm`, `email`, `delivery_request`) VALUES (0, 4, 537600, '2023-03-03 14:31:24.000000', NULL, NULL, NULL, 66, 100111, 3, 57, '2024-02-01 16:02:52.000000', '010-4280-1991', '김성은', 'sunny@daum.net', NULL);
INSERT INTO `t_order` (`delete_fl`, `process_state`, `total_price`, `created_at`, `deleted_at`, `delivered_at`, `deposited_at`, `iaddress`, `iorder`, `ipayment_option`, `iuser`, `updated_at`, `phone_number`, `address_nm`, `email`, `delivery_request`) VALUES (0, 2, 210900, '2024-02-01 14:31:24.000000', NULL, NULL, NULL, 69, 100102, 3, 60, '2024-02-01 16:02:52.000000', '010-9311-9411', '이강인', 'kanginlee@hanmail.net', NULL);
INSERT INTO `t_order` (`delete_fl`, `process_state`, `total_price`, `created_at`, `deleted_at`, `delivered_at`, `deposited_at`, `iaddress`, `iorder`, `ipayment_option`, `iuser`, `updated_at`, `phone_number`, `address_nm`, `email`, `delivery_request`) VALUES (0, 3, 75000, '2024-02-01 14:31:24.000000', NULL, NULL, NULL, 70, 100101, 3, 61, '2024-02-01 16:02:52.000000', '010-8591-4011', '정지수', 'jisoocity@naver.com', NULL);
INSERT INTO `t_order` (`delete_fl`, `process_state`, `total_price`, `created_at`, `deleted_at`, `delivered_at`, `deposited_at`, `iaddress`, `iorder`, `ipayment_option`, `iuser`, `updated_at`, `phone_number`, `address_nm`, `email`, `delivery_request`) VALUES (0, 1, 426700, '2024-02-01 14:31:24.000000', NULL, NULL, NULL, 69, 100089, 2, 60, '2024-02-01 14:55:33.000000', '010-9311-9411', '이강인', 'kanginlee@hanmail.net', NULL);
INSERT INTO `t_order` (`delete_fl`, `process_state`, `total_price`, `created_at`, `deleted_at`, `delivered_at`, `deposited_at`, `iaddress`, `iorder`, `ipayment_option`, `iuser`, `updated_at`, `phone_number`, `address_nm`, `email`, `delivery_request`) VALUES (0, 3, 237700, '2024-02-01 14:31:24.000000', NULL, NULL, NULL, 64, 100090, 3, 55, '2024-02-02 20:30:06.000000', '010-3192-2910', '이정도', 'leejungdo@gmail.com', NULL);
INSERT INTO `t_order` (`delete_fl`, `process_state`, `total_price`, `created_at`, `deleted_at`, `delivered_at`, `deposited_at`, `iaddress`, `iorder`, `ipayment_option`, `iuser`, `updated_at`, `phone_number`, `address_nm`, `email`, `delivery_request`) VALUES (0, 2, 398000, '2024-02-01 14:31:24.000000', NULL, NULL, NULL, 65, 100091, 3, 56, '2024-02-01 16:02:52.000000', '010-2215-1234', '김재완', 'jaewan@gmail.com', NULL);
INSERT INTO `t_order` (`delete_fl`, `process_state`, `total_price`, `created_at`, `deleted_at`, `delivered_at`, `deposited_at`, `iaddress`, `iorder`, `ipayment_option`, `iuser`, `updated_at`, `phone_number`, `address_nm`, `email`, `delivery_request`) VALUES (0, 1, 366300, '2024-02-01 14:31:24.000000', NULL, NULL, NULL, 70, 100093, 2, 61, '2024-02-01 14:55:33.000000', '010-8591-4011', '정지수', 'jisoocity@naver.com', NULL);
INSERT INTO `t_order` (`delete_fl`, `process_state`, `total_price`, `created_at`, `deleted_at`, `delivered_at`, `deposited_at`, `iaddress`, `iorder`, `ipayment_option`, `iuser`, `updated_at`, `phone_number`, `address_nm`, `email`, `delivery_request`) VALUES (0, 4, 322200, '2024-02-01 14:31:24.000000', NULL, NULL, NULL, 65, 100094, 3, 56, '2024-02-01 16:02:52.000000', '010-2215-1234', '김재완', 'jaewan@gmail.com', NULL);
INSERT INTO `t_order` (`delete_fl`, `process_state`, `total_price`, `created_at`, `deleted_at`, `delivered_at`, `deposited_at`, `iaddress`, `iorder`, `ipayment_option`, `iuser`, `updated_at`, `phone_number`, `address_nm`, `email`, `delivery_request`) VALUES (0, 4, 480600, '2024-02-01 14:31:24.000000', NULL, NULL, NULL, 65, 100095, 3, 56, '2024-02-01 16:02:52.000000', '010-2215-1234', '김재완', 'jaewan@gmail.com', NULL);
INSERT INTO `t_order` (`delete_fl`, `process_state`, `total_price`, `created_at`, `deleted_at`, `delivered_at`, `deposited_at`, `iaddress`, `iorder`, `ipayment_option`, `iuser`, `updated_at`, `phone_number`, `address_nm`, `email`, `delivery_request`) VALUES (0, 4, 203000, '2024-02-01 14:31:24.000000', NULL, NULL, NULL, 64, 100096, 3, 55, '2024-02-01 16:02:52.000000', '010-3192-2910', '이정도', 'leejungdo@gmail.com', NULL);
INSERT INTO `t_order` (`delete_fl`, `process_state`, `total_price`, `created_at`, `deleted_at`, `delivered_at`, `deposited_at`, `iaddress`, `iorder`, `ipayment_option`, `iuser`, `updated_at`, `phone_number`, `address_nm`, `email`, `delivery_request`) VALUES (0, 1, 421400, '2024-02-01 14:31:24.000000', NULL, NULL, NULL, 70, 100099, 2, 61, '2024-02-01 16:03:18.000000', '010-8591-4011', '정지수', 'jisoocity@naver.com', NULL);
INSERT INTO `t_order` (`delete_fl`, `process_state`, `total_price`, `created_at`, `deleted_at`, `delivered_at`, `deposited_at`, `iaddress`, `iorder`, `ipayment_option`, `iuser`, `updated_at`, `phone_number`, `address_nm`, `email`, `delivery_request`) VALUES (0, 3, 283000, '2024-02-01 14:31:24.000000', NULL, NULL, NULL, 70, 100100, 3, 61, '2024-02-01 16:02:52.000000', '010-8591-4011', '정지수', 'jisoocity@naver.com', NULL);
INSERT INTO `t_order` (`delete_fl`, `process_state`, `total_price`, `created_at`, `deleted_at`, `delivered_at`, `deposited_at`, `iaddress`, `iorder`, `ipayment_option`, `iuser`, `updated_at`, `phone_number`, `address_nm`, `email`, `delivery_request`) VALUES (0, 4, 326600, '2023-03-03 14:31:24.000000', NULL, NULL, NULL, 64, 100112, 3, 55, '2024-02-01 16:02:52.000000', '010-3192-2910', '이정도', 'leejungdo@gmail.com', NULL);
INSERT INTO `t_order` (`delete_fl`, `process_state`, `total_price`, `created_at`, `deleted_at`, `delivered_at`, `deposited_at`, `iaddress`, `iorder`, `ipayment_option`, `iuser`, `updated_at`, `phone_number`, `address_nm`, `email`, `delivery_request`) VALUES (0, 4, 427800, '2023-02-01 14:31:24.000000', NULL, NULL, NULL, 65, 100113, 3, 56, '2024-02-01 16:02:52.000000', '010-2215-1234', '김재완', 'jaewan@gmail.com', NULL);
INSERT INTO `t_order` (`delete_fl`, `process_state`, `total_price`, `created_at`, `deleted_at`, `delivered_at`, `deposited_at`, `iaddress`, `iorder`, `ipayment_option`, `iuser`, `updated_at`, `phone_number`, `address_nm`, `email`, `delivery_request`) VALUES (0, 4, 246400, '2024-02-01 14:31:24.000000', NULL, NULL, NULL, 69, 100127, 3, 60, '2024-02-01 16:02:52.000000', '010-9311-9411', '이강인', 'kanginlee@hanmail.net', NULL);
INSERT INTO `t_order` (`delete_fl`, `process_state`, `total_price`, `created_at`, `deleted_at`, `delivered_at`, `deposited_at`, `iaddress`, `iorder`, `ipayment_option`, `iuser`, `updated_at`, `phone_number`, `address_nm`, `email`, `delivery_request`) VALUES (0, 2, 612400, '2024-02-01 14:31:24.000000', NULL, NULL, NULL, 70, 100129, 3, 61, '2024-02-01 16:02:52.000000', '010-8591-4011', '정지수', 'jisoocity@naver.com', NULL);
INSERT INTO `t_order` (`delete_fl`, `process_state`, `total_price`, `created_at`, `deleted_at`, `delivered_at`, `deposited_at`, `iaddress`, `iorder`, `ipayment_option`, `iuser`, `updated_at`, `phone_number`, `address_nm`, `email`, `delivery_request`) VALUES (0, 3, 332300, '2024-02-01 14:31:24.000000', NULL, NULL, NULL, 66, 100130, 3, 57, '2024-02-01 16:02:52.000000', '010-4280-1991', '김성은', 'sunny@daum.net', NULL);
INSERT INTO `t_order` (`delete_fl`, `process_state`, `total_price`, `created_at`, `deleted_at`, `delivered_at`, `deposited_at`, `iaddress`, `iorder`, `ipayment_option`, `iuser`, `updated_at`, `phone_number`, `address_nm`, `email`, `delivery_request`) VALUES (0, 3, 221600, '2024-02-01 14:31:24.000000', NULL, NULL, NULL, 64, 100131, 3, 55, '2024-02-01 16:02:52.000000', '010-3192-2910', '이정도', 'leejungdo@gmail.com', NULL);
INSERT INTO `t_order` (`delete_fl`, `process_state`, `total_price`, `created_at`, `deleted_at`, `delivered_at`, `deposited_at`, `iaddress`, `iorder`, `ipayment_option`, `iuser`, `updated_at`, `phone_number`, `address_nm`, `email`, `delivery_request`) VALUES (0, 1, 330000, '2024-02-01 14:31:24.000000', NULL, NULL, NULL, 70, 100132, 2, 61, '2024-02-01 14:55:33.000000', '010-8591-4011', '정지수', 'jisoocity@naver.com', NULL);
INSERT INTO `t_order` (`delete_fl`, `process_state`, `total_price`, `created_at`, `deleted_at`, `delivered_at`, `deposited_at`, `iaddress`, `iorder`, `ipayment_option`, `iuser`, `updated_at`, `phone_number`, `address_nm`, `email`, `delivery_request`) VALUES (0, 1, 231600, '2024-02-01 14:31:24.000000', NULL, NULL, NULL, 69, 100134, 2, 60, '2024-02-01 14:55:33.000000', '010-9311-9411', '이강인', 'kanginlee@hanmail.net', NULL);
INSERT INTO `t_order` (`delete_fl`, `process_state`, `total_price`, `created_at`, `deleted_at`, `delivered_at`, `deposited_at`, `iaddress`, `iorder`, `ipayment_option`, `iuser`, `updated_at`, `phone_number`, `address_nm`, `email`, `delivery_request`) VALUES (0, 4, 214000, '2024-02-01 14:31:24.000000', NULL, NULL, NULL, 65, 100135, 3, 56, '2024-02-01 16:02:52.000000', '010-2215-1234', '김재완', 'jaewan@gmail.com', NULL);
INSERT INTO `t_order` (`delete_fl`, `process_state`, `total_price`, `created_at`, `deleted_at`, `delivered_at`, `deposited_at`, `iaddress`, `iorder`, `ipayment_option`, `iuser`, `updated_at`, `phone_number`, `address_nm`, `email`, `delivery_request`) VALUES (0, 4, 36400, '2024-02-01 14:31:24.000000', NULL, NULL, NULL, 65, 100136, 3, 56, '2024-02-01 16:02:52.000000', '010-2215-1234', '김재완', 'jaewan@gmail.com', NULL);
INSERT INTO `t_order` (`delete_fl`, `process_state`, `total_price`, `created_at`, `deleted_at`, `delivered_at`, `deposited_at`, `iaddress`, `iorder`, `ipayment_option`, `iuser`, `updated_at`, `phone_number`, `address_nm`, `email`, `delivery_request`) VALUES (0, 2, 32900, '2024-02-01 17:56:02.000000', NULL, NULL, NULL, 65, 100151, 1, 56, '2024-02-01 20:13:57.000000', '010-0000-0000', '장원진', 'null@naver.com', NULL);
INSERT INTO `t_order` (`delete_fl`, `process_state`, `total_price`, `created_at`, `deleted_at`, `delivered_at`, `deposited_at`, `iaddress`, `iorder`, `ipayment_option`, `iuser`, `updated_at`, `phone_number`, `address_nm`, `email`, `delivery_request`) VALUES (0, 2, 119600, '2024-02-01 14:31:24.000000', NULL, NULL, NULL, 65, 100126, 3, 56, '2024-02-01 16:02:52.000000', '010-2215-1234', '김재완', 'jaewan@gmail.com', NULL);
INSERT INTO `t_order` (`delete_fl`, `process_state`, `total_price`, `created_at`, `deleted_at`, `delivered_at`, `deposited_at`, `iaddress`, `iorder`, `ipayment_option`, `iuser`, `updated_at`, `phone_number`, `address_nm`, `email`, `delivery_request`) VALUES (0, 2, 112600, '2024-02-01 14:31:24.000000', NULL, NULL, NULL, 66, 100125, 3, 57, '2024-02-01 16:02:52.000000', '010-4280-1991', '김성은', 'sunny@daum.net', NULL);
INSERT INTO `t_order` (`delete_fl`, `process_state`, `total_price`, `created_at`, `deleted_at`, `delivered_at`, `deposited_at`, `iaddress`, `iorder`, `ipayment_option`, `iuser`, `updated_at`, `phone_number`, `address_nm`, `email`, `delivery_request`) VALUES (0, 3, 518400, '2023-02-01 14:31:24.000000', NULL, NULL, NULL, 67, 100114, 3, 58, '2024-02-01 16:02:52.000000', '010-8491-3982', '구일모', 'johnny@gmail.com', NULL);
INSERT INTO `t_order` (`delete_fl`, `process_state`, `total_price`, `created_at`, `deleted_at`, `delivered_at`, `deposited_at`, `iaddress`, `iorder`, `ipayment_option`, `iuser`, `updated_at`, `phone_number`, `address_nm`, `email`, `delivery_request`) VALUES (0, 3, 295000, '2023-02-01 14:31:24.000000', NULL, NULL, NULL, 66, 100116, 3, 57, '2024-02-01 16:02:52.000000', '010-4280-1991', '김성은', 'sunny@daum.net', NULL);
INSERT INTO `t_order` (`delete_fl`, `process_state`, `total_price`, `created_at`, `deleted_at`, `delivered_at`, `deposited_at`, `iaddress`, `iorder`, `ipayment_option`, `iuser`, `updated_at`, `phone_number`, `address_nm`, `email`, `delivery_request`) VALUES (0, 4, 290200, '2024-02-01 14:31:24.000000', NULL, NULL, NULL, 69, 100117, 3, 60, '2024-02-01 16:02:52.000000', '010-9311-9411', '이강인', 'kanginlee@hanmail.net', NULL);
INSERT INTO `t_order` (`delete_fl`, `process_state`, `total_price`, `created_at`, `deleted_at`, `delivered_at`, `deposited_at`, `iaddress`, `iorder`, `ipayment_option`, `iuser`, `updated_at`, `phone_number`, `address_nm`, `email`, `delivery_request`) VALUES (0, 2, 147800, '2024-02-01 14:31:24.000000', NULL, NULL, NULL, 67, 100118, 3, 58, '2024-02-01 16:02:52.000000', '010-8491-3982', '구일모', 'johnny@gmail.com', NULL);
INSERT INTO `t_order` (`delete_fl`, `process_state`, `total_price`, `created_at`, `deleted_at`, `delivered_at`, `deposited_at`, `iaddress`, `iorder`, `ipayment_option`, `iuser`, `updated_at`, `phone_number`, `address_nm`, `email`, `delivery_request`) VALUES (0, 4, 118800, '2024-02-01 14:31:24.000000', NULL, NULL, NULL, 67, 100119, 3, 58, '2024-02-01 16:02:52.000000', '010-8491-3982', '구일모', 'johnny@gmail.com', NULL);
INSERT INTO `t_order` (`delete_fl`, `process_state`, `total_price`, `created_at`, `deleted_at`, `delivered_at`, `deposited_at`, `iaddress`, `iorder`, `ipayment_option`, `iuser`, `updated_at`, `phone_number`, `address_nm`, `email`, `delivery_request`) VALUES (0, 3, 149000, '2024-02-01 14:31:24.000000', NULL, NULL, NULL, 66, 100120, 3, 57, '2024-02-01 16:02:52.000000', '010-4280-1991', '김성은', 'sunny@daum.net', NULL);
INSERT INTO `t_order` (`delete_fl`, `process_state`, `total_price`, `created_at`, `deleted_at`, `delivered_at`, `deposited_at`, `iaddress`, `iorder`, `ipayment_option`, `iuser`, `updated_at`, `phone_number`, `address_nm`, `email`, `delivery_request`) VALUES (0, 4, 151000, '2024-02-01 14:31:24.000000', NULL, NULL, NULL, 65, 100121, 3, 56, '2024-02-01 16:02:52.000000', '010-2215-1234', '김재완', 'jaewan@gmail.com', NULL);
INSERT INTO `t_order` (`delete_fl`, `process_state`, `total_price`, `created_at`, `deleted_at`, `delivered_at`, `deposited_at`, `iaddress`, `iorder`, `ipayment_option`, `iuser`, `updated_at`, `phone_number`, `address_nm`, `email`, `delivery_request`) VALUES (0, 4, 325000, '2024-02-01 14:31:24.000000', NULL, NULL, NULL, 67, 100123, 3, 58, '2024-02-01 16:02:52.000000', '010-8491-3982', '구일모', 'johnny@gmail.com', NULL);
INSERT INTO `t_order` (`delete_fl`, `process_state`, `total_price`, `created_at`, `deleted_at`, `delivered_at`, `deposited_at`, `iaddress`, `iorder`, `ipayment_option`, `iuser`, `updated_at`, `phone_number`, `address_nm`, `email`, `delivery_request`) VALUES (0, 1, 425800, '2024-02-01 14:31:24.000000', NULL, NULL, NULL, 64, 100124, 2, 55, '2024-02-01 16:03:18.000000', '010-3192-2910', '이정도', 'leejungdo@gmail.com', NULL);
INSERT INTO `t_order` (`delete_fl`, `process_state`, `total_price`, `created_at`, `deleted_at`, `delivered_at`, `deposited_at`, `iaddress`, `iorder`, `ipayment_option`, `iuser`, `updated_at`, `phone_number`, `address_nm`, `email`, `delivery_request`) VALUES (0, 2, 76900, '2024-02-01 17:56:02.000000', NULL, NULL, NULL, 65, 100152, 1, 56, '2024-02-01 20:14:12.000000', '010-0000-0000', '장원진', 'null@naver.com', NULL);
INSERT INTO `t_order` (`delete_fl`, `process_state`, `total_price`, `created_at`, `deleted_at`, `delivered_at`, `deposited_at`, `iaddress`, `iorder`, `ipayment_option`, `iuser`, `updated_at`, `phone_number`, `address_nm`, `email`, `delivery_request`) VALUES (0, 4, 119600, '2024-02-11 14:30:03.000000', NULL, NULL, NULL, 70, 100029, 3, 61, '2024-02-01 16:02:52.000000', '010-8591-4011', '정지수', 'jisoocity@naver.com', NULL);
INSERT INTO `t_order` (`delete_fl`, `process_state`, `total_price`, `created_at`, `deleted_at`, `delivered_at`, `deposited_at`, `iaddress`, `iorder`, `ipayment_option`, `iuser`, `updated_at`, `phone_number`, `address_nm`, `email`, `delivery_request`) VALUES (0, 1, 508700, '2024-05-01 14:31:23.000000', NULL, NULL, NULL, 67, 100047, 2, 58, '2024-02-01 16:03:18.000000', '010-8491-3982', '구일모', 'johnny@gmail.com', NULL);
INSERT INTO `t_order` (`delete_fl`, `process_state`, `total_price`, `created_at`, `deleted_at`, `delivered_at`, `deposited_at`, `iaddress`, `iorder`, `ipayment_option`, `iuser`, `updated_at`, `phone_number`, `address_nm`, `email`, `delivery_request`) VALUES (0, 3, 342800, '2024-05-03 14:31:23.000000', NULL, NULL, NULL, 67, 100050, 3, 58, '2024-02-01 16:02:52.000000', '010-8491-3982', '구일모', 'johnny@gmail.com', NULL);
INSERT INTO `t_order` (`delete_fl`, `process_state`, `total_price`, `created_at`, `deleted_at`, `delivered_at`, `deposited_at`, `iaddress`, `iorder`, `ipayment_option`, `iuser`, `updated_at`, `phone_number`, `address_nm`, `email`, `delivery_request`) VALUES (0, 1, 125400, '2024-05-01 14:31:23.000000', NULL, NULL, NULL, 66, 100051, 2, 57, '2024-02-01 16:03:18.000000', '010-4280-1991', '김성은', 'sunny@daum.net', NULL);
INSERT INTO `t_order` (`delete_fl`, `process_state`, `total_price`, `created_at`, `deleted_at`, `delivered_at`, `deposited_at`, `iaddress`, `iorder`, `ipayment_option`, `iuser`, `updated_at`, `phone_number`, `address_nm`, `email`, `delivery_request`) VALUES (0, 2, 72800, '2024-04-01 14:31:23.000000', NULL, NULL, NULL, 69, 100052, 3, 60, '2024-02-01 16:02:52.000000', '010-9311-9411', '이강인', 'kanginlee@hanmail.net', NULL);
INSERT INTO `t_order` (`delete_fl`, `process_state`, `total_price`, `created_at`, `deleted_at`, `delivered_at`, `deposited_at`, `iaddress`, `iorder`, `ipayment_option`, `iuser`, `updated_at`, `phone_number`, `address_nm`, `email`, `delivery_request`) VALUES (0, 1, 140000, '2024-03-02 14:31:23.000000', NULL, NULL, NULL, 67, 100053, 2, 58, '2024-02-01 14:55:33.000000', '010-8491-3982', '구일모', 'johnny@gmail.com', NULL);
INSERT INTO `t_order` (`delete_fl`, `process_state`, `total_price`, `created_at`, `deleted_at`, `delivered_at`, `deposited_at`, `iaddress`, `iorder`, `ipayment_option`, `iuser`, `updated_at`, `phone_number`, `address_nm`, `email`, `delivery_request`) VALUES (0, 4, 345600, '2024-01-01 14:31:23.000000', NULL, NULL, NULL, 66, 100054, 3, 57, '2024-02-01 16:46:44.000000', '010-4280-1991', '김성은', 'sunny@daum.net', NULL);
INSERT INTO `t_order` (`delete_fl`, `process_state`, `total_price`, `created_at`, `deleted_at`, `delivered_at`, `deposited_at`, `iaddress`, `iorder`, `ipayment_option`, `iuser`, `updated_at`, `phone_number`, `address_nm`, `email`, `delivery_request`) VALUES (0, 4, 65000, '2024-01-01 14:31:23.000000', NULL, NULL, NULL, 66, 100055, 3, 57, '2024-02-01 16:02:52.000000', '010-4280-1991', '김성은', 'sunny@daum.net', NULL);
INSERT INTO `t_order` (`delete_fl`, `process_state`, `total_price`, `created_at`, `deleted_at`, `delivered_at`, `deposited_at`, `iaddress`, `iorder`, `ipayment_option`, `iuser`, `updated_at`, `phone_number`, `address_nm`, `email`, `delivery_request`) VALUES (0, 4, 349400, '2024-02-01 14:31:23.000000', NULL, NULL, NULL, 69, 100056, 3, 60, '2024-02-01 16:02:52.000000', '010-9311-9411', '이강인', 'kanginlee@hanmail.net', NULL);
INSERT INTO `t_order` (`delete_fl`, `process_state`, `total_price`, `created_at`, `deleted_at`, `delivered_at`, `deposited_at`, `iaddress`, `iorder`, `ipayment_option`, `iuser`, `updated_at`, `phone_number`, `address_nm`, `email`, `delivery_request`) VALUES (0, 1, 329600, '2024-02-01 14:31:23.000000', NULL, NULL, NULL, 65, 100057, 2, 56, '2024-02-01 14:55:33.000000', '010-2215-1234', '김재완', 'jaewan@gmail.com', NULL);
INSERT INTO `t_order` (`delete_fl`, `process_state`, `total_price`, `created_at`, `deleted_at`, `delivered_at`, `deposited_at`, `iaddress`, `iorder`, `ipayment_option`, `iuser`, `updated_at`, `phone_number`, `address_nm`, `email`, `delivery_request`) VALUES (0, 3, 65000, '2024-04-01 14:31:23.000000', NULL, NULL, NULL, 67, 100046, 3, 58, '2024-02-01 16:02:52.000000', '010-8491-3982', '구일모', 'johnny@gmail.com', NULL);
INSERT INTO `t_order` (`delete_fl`, `process_state`, `total_price`, `created_at`, `deleted_at`, `delivered_at`, `deposited_at`, `iaddress`, `iorder`, `ipayment_option`, `iuser`, `updated_at`, `phone_number`, `address_nm`, `email`, `delivery_request`) VALUES (0, 2, 222300, '2024-03-01 14:31:23.000000', NULL, NULL, NULL, 70, 100045, 3, 61, '2024-02-01 16:02:52.000000', '010-8591-4011', '정지수', 'jisoocity@naver.com', NULL);
INSERT INTO `t_order` (`delete_fl`, `process_state`, `total_price`, `created_at`, `deleted_at`, `delivered_at`, `deposited_at`, `iaddress`, `iorder`, `ipayment_option`, `iuser`, `updated_at`, `phone_number`, `address_nm`, `email`, `delivery_request`) VALUES (0, 1, 22286, '2024-02-01 14:31:23.000000', NULL, NULL, NULL, 65, 100043, 2, 56, '2024-02-01 16:03:18.000000', '010-2215-1234', '김재완', 'jaewan@gmail.com', NULL);
INSERT INTO `t_order` (`delete_fl`, `process_state`, `total_price`, `created_at`, `deleted_at`, `delivered_at`, `deposited_at`, `iaddress`, `iorder`, `ipayment_option`, `iuser`, `updated_at`, `phone_number`, `address_nm`, `email`, `delivery_request`) VALUES (0, 4, 261000, '2024-02-21 14:30:03.000000', NULL, NULL, NULL, 70, 100030, 3, 61, '2024-02-01 16:02:52.000000', '010-8591-4011', '정지수', 'jisoocity@naver.com', NULL);
INSERT INTO `t_order` (`delete_fl`, `process_state`, `total_price`, `created_at`, `deleted_at`, `delivered_at`, `deposited_at`, `iaddress`, `iorder`, `ipayment_option`, `iuser`, `updated_at`, `phone_number`, `address_nm`, `email`, `delivery_request`) VALUES (0, 3, 493000, '2024-02-11 14:30:03.000000', NULL, NULL, NULL, 69, 100031, 3, 60, '2024-02-01 16:02:52.000000', '010-9311-9411', '이강인', 'kanginlee@hanmail.net', NULL);
INSERT INTO `t_order` (`delete_fl`, `process_state`, `total_price`, `created_at`, `deleted_at`, `delivered_at`, `deposited_at`, `iaddress`, `iorder`, `ipayment_option`, `iuser`, `updated_at`, `phone_number`, `address_nm`, `email`, `delivery_request`) VALUES (0, 4, 130000, '2024-02-03 14:30:03.000000', NULL, NULL, NULL, 70, 100032, 3, 61, '2024-02-01 16:02:52.000000', '010-8591-4011', '정지수', 'jisoocity@naver.com', NULL);
INSERT INTO `t_order` (`delete_fl`, `process_state`, `total_price`, `created_at`, `deleted_at`, `delivered_at`, `deposited_at`, `iaddress`, `iorder`, `ipayment_option`, `iuser`, `updated_at`, `phone_number`, `address_nm`, `email`, `delivery_request`) VALUES (0, 3, 185000, '2024-02-03 14:30:03.000000', NULL, NULL, NULL, 69, 100033, 3, 60, '2024-02-01 16:02:52.000000', '010-9311-9411', '이강인', 'kanginlee@hanmail.net', NULL);
INSERT INTO `t_order` (`delete_fl`, `process_state`, `total_price`, `created_at`, `deleted_at`, `delivered_at`, `deposited_at`, `iaddress`, `iorder`, `ipayment_option`, `iuser`, `updated_at`, `phone_number`, `address_nm`, `email`, `delivery_request`) VALUES (0, 1, 777500, '2024-02-04 14:30:53.000000', NULL, NULL, NULL, 70, 100035, 2, 61, '2024-02-01 14:55:33.000000', '010-8591-4011', '정지수', 'jisoocity@naver.com', NULL);
INSERT INTO `t_order` (`delete_fl`, `process_state`, `total_price`, `created_at`, `deleted_at`, `delivered_at`, `deposited_at`, `iaddress`, `iorder`, `ipayment_option`, `iuser`, `updated_at`, `phone_number`, `address_nm`, `email`, `delivery_request`) VALUES (0, 2, 160000, '2024-02-05 14:30:53.000000', NULL, NULL, NULL, 65, 100037, 3, 56, '2024-02-01 16:02:52.000000', '010-2215-1234', '김재완', 'jaewan@gmail.com', NULL);
INSERT INTO `t_order` (`delete_fl`, `process_state`, `total_price`, `created_at`, `deleted_at`, `delivered_at`, `deposited_at`, `iaddress`, `iorder`, `ipayment_option`, `iuser`, `updated_at`, `phone_number`, `address_nm`, `email`, `delivery_request`) VALUES (0, 1, 321000, '2024-02-06 14:31:23.000000', NULL, NULL, NULL, 70, 100038, 2, 61, '2024-02-01 14:55:33.000000', '010-8591-4011', '정지수', 'jisoocity@naver.com', NULL);
INSERT INTO `t_order` (`delete_fl`, `process_state`, `total_price`, `created_at`, `deleted_at`, `delivered_at`, `deposited_at`, `iaddress`, `iorder`, `ipayment_option`, `iuser`, `updated_at`, `phone_number`, `address_nm`, `email`, `delivery_request`) VALUES (0, 2, 80000, '2024-02-01 14:31:23.000000', NULL, NULL, NULL, 65, 100040, 3, 56, '2024-02-01 16:02:52.000000', '010-2215-1234', '김재완', 'jaewan@gmail.com', NULL);
INSERT INTO `t_order` (`delete_fl`, `process_state`, `total_price`, `created_at`, `deleted_at`, `delivered_at`, `deposited_at`, `iaddress`, `iorder`, `ipayment_option`, `iuser`, `updated_at`, `phone_number`, `address_nm`, `email`, `delivery_request`) VALUES (0, 2, 337000, '2024-02-01 14:31:23.000000', NULL, NULL, NULL, 66, 100041, 3, 57, '2024-02-01 16:02:52.000000', '010-4280-1991', '김성은', 'sunny@daum.net', NULL);
INSERT INTO `t_order` (`delete_fl`, `process_state`, `total_price`, `created_at`, `deleted_at`, `delivered_at`, `deposited_at`, `iaddress`, `iorder`, `ipayment_option`, `iuser`, `updated_at`, `phone_number`, `address_nm`, `email`, `delivery_request`) VALUES (0, 2, 364000, '2024-02-01 14:31:23.000000', NULL, NULL, NULL, 65, 100058, 3, 56, '2024-02-01 16:02:52.000000', '010-2215-1234', '김재완', 'jaewan@gmail.com', NULL);
INSERT INTO `t_order` (`delete_fl`, `process_state`, `total_price`, `created_at`, `deleted_at`, `delivered_at`, `deposited_at`, `iaddress`, `iorder`, `ipayment_option`, `iuser`, `updated_at`, `phone_number`, `address_nm`, `email`, `delivery_request`) VALUES (0, 4, 80783, '2024-02-01 14:31:23.000000', NULL, NULL, NULL, 65, 100060, 3, 56, '2024-02-01 16:02:52.000000', '010-2215-1234', '김재완', 'jaewan@gmail.com', NULL);
INSERT INTO `t_order` (`delete_fl`, `process_state`, `total_price`, `created_at`, `deleted_at`, `delivered_at`, `deposited_at`, `iaddress`, `iorder`, `ipayment_option`, `iuser`, `updated_at`, `phone_number`, `address_nm`, `email`, `delivery_request`) VALUES (0, 1, 357200, '2024-06-13 14:31:23.000000', NULL, NULL, NULL, 69, 100061, 2, 60, '2024-02-01 14:55:33.000000', '010-9311-9411', '이강인', 'kanginlee@hanmail.net', NULL);
INSERT INTO `t_order` (`delete_fl`, `process_state`, `total_price`, `created_at`, `deleted_at`, `delivered_at`, `deposited_at`, `iaddress`, `iorder`, `ipayment_option`, `iuser`, `updated_at`, `phone_number`, `address_nm`, `email`, `delivery_request`) VALUES (0, 3, 371800, '2024-04-21 14:31:24.000000', NULL, NULL, NULL, 64, 100077, 3, 55, '2024-02-01 16:02:52.000000', '010-3192-2910', '이정도', 'leejungdo@gmail.com', NULL);
INSERT INTO `t_order` (`delete_fl`, `process_state`, `total_price`, `created_at`, `deleted_at`, `delivered_at`, `deposited_at`, `iaddress`, `iorder`, `ipayment_option`, `iuser`, `updated_at`, `phone_number`, `address_nm`, `email`, `delivery_request`) VALUES (0, 2, 687800, '2024-04-17 14:31:24.000000', NULL, NULL, NULL, 64, 100078, 3, 55, '2024-02-01 16:02:52.000000', '010-3192-2910', '이정도', 'leejungdo@gmail.com', NULL);
INSERT INTO `t_order` (`delete_fl`, `process_state`, `total_price`, `created_at`, `deleted_at`, `delivered_at`, `deposited_at`, `iaddress`, `iorder`, `ipayment_option`, `iuser`, `updated_at`, `phone_number`, `address_nm`, `email`, `delivery_request`) VALUES (0, 2, 204000, '2024-02-01 14:31:24.000000', NULL, NULL, NULL, 69, 100079, 3, 60, '2024-02-01 16:02:52.000000', '010-9311-9411', '이강인', 'kanginlee@hanmail.net', NULL);
INSERT INTO `t_order` (`delete_fl`, `process_state`, `total_price`, `created_at`, `deleted_at`, `delivered_at`, `deposited_at`, `iaddress`, `iorder`, `ipayment_option`, `iuser`, `updated_at`, `phone_number`, `address_nm`, `email`, `delivery_request`) VALUES (0, 3, 436600, '2024-02-01 14:31:24.000000', NULL, NULL, NULL, 64, 100081, 3, 55, '2024-02-02 20:30:08.000000', '010-3192-2910', '이정도', 'leejungdo@gmail.com', NULL);
INSERT INTO `t_order` (`delete_fl`, `process_state`, `total_price`, `created_at`, `deleted_at`, `delivered_at`, `deposited_at`, `iaddress`, `iorder`, `ipayment_option`, `iuser`, `updated_at`, `phone_number`, `address_nm`, `email`, `delivery_request`) VALUES (0, 3, 112800, '2024-02-01 14:31:24.000000', NULL, NULL, NULL, 66, 100082, 3, 57, '2024-02-01 16:02:52.000000', '010-4280-1991', '김성은', 'sunny@daum.net', NULL);
INSERT INTO `t_order` (`delete_fl`, `process_state`, `total_price`, `created_at`, `deleted_at`, `delivered_at`, `deposited_at`, `iaddress`, `iorder`, `ipayment_option`, `iuser`, `updated_at`, `phone_number`, `address_nm`, `email`, `delivery_request`) VALUES (0, 3, 388800, '2024-02-01 14:31:24.000000', NULL, NULL, NULL, 67, 100083, 3, 58, '2024-02-01 16:02:52.000000', '010-8491-3982', '구일모', 'johnny@gmail.com', NULL);
INSERT INTO `t_order` (`delete_fl`, `process_state`, `total_price`, `created_at`, `deleted_at`, `delivered_at`, `deposited_at`, `iaddress`, `iorder`, `ipayment_option`, `iuser`, `updated_at`, `phone_number`, `address_nm`, `email`, `delivery_request`) VALUES (0, 3, 40000, '2024-02-01 14:31:24.000000', NULL, NULL, NULL, 64, 100084, 3, 55, '2024-02-01 16:02:52.000000', '010-3192-2910', '이정도', 'leejungdo@gmail.com', NULL);
INSERT INTO `t_order` (`delete_fl`, `process_state`, `total_price`, `created_at`, `deleted_at`, `delivered_at`, `deposited_at`, `iaddress`, `iorder`, `ipayment_option`, `iuser`, `updated_at`, `phone_number`, `address_nm`, `email`, `delivery_request`) VALUES (0, 1, 339000, '2024-02-01 14:31:24.000000', NULL, NULL, NULL, 65, 100085, 2, 56, '2024-02-01 16:03:18.000000', '010-2215-1234', '김재완', 'jaewan@gmail.com', NULL);
INSERT INTO `t_order` (`delete_fl`, `process_state`, `total_price`, `created_at`, `deleted_at`, `delivered_at`, `deposited_at`, `iaddress`, `iorder`, `ipayment_option`, `iuser`, `updated_at`, `phone_number`, `address_nm`, `email`, `delivery_request`) VALUES (0, 1, 419600, '2024-02-01 14:31:24.000000', NULL, NULL, NULL, 64, 100086, 2, 55, '2024-02-02 20:30:09.000000', '010-3192-2910', '이정도', 'leejungdo@gmail.com', NULL);
INSERT INTO `t_order` (`delete_fl`, `process_state`, `total_price`, `created_at`, `deleted_at`, `delivered_at`, `deposited_at`, `iaddress`, `iorder`, `ipayment_option`, `iuser`, `updated_at`, `phone_number`, `address_nm`, `email`, `delivery_request`) VALUES (0, 2, 427600, '2024-04-21 14:31:24.000000', NULL, NULL, NULL, 64, 100076, 3, 55, '2024-02-01 16:02:52.000000', '010-3192-2910', '이정도', 'leejungdo@gmail.com', NULL);
INSERT INTO `t_order` (`delete_fl`, `process_state`, `total_price`, `created_at`, `deleted_at`, `delivered_at`, `deposited_at`, `iaddress`, `iorder`, `ipayment_option`, `iuser`, `updated_at`, `phone_number`, `address_nm`, `email`, `delivery_request`) VALUES (0, 2, 145600, '2024-04-21 14:31:24.000000', NULL, NULL, NULL, 66, 100075, 3, 57, '2024-02-01 16:02:52.000000', '010-4280-1991', '김성은', 'sunny@daum.net', NULL);
INSERT INTO `t_order` (`delete_fl`, `process_state`, `total_price`, `created_at`, `deleted_at`, `delivered_at`, `deposited_at`, `iaddress`, `iorder`, `ipayment_option`, `iuser`, `updated_at`, `phone_number`, `address_nm`, `email`, `delivery_request`) VALUES (0, 1, 239500, '2024-04-21 14:31:24.000000', NULL, NULL, NULL, 69, 100074, 2, 60, '2024-02-01 14:55:33.000000', '010-9311-9411', '이강인', 'kanginlee@hanmail.net', NULL);
INSERT INTO `t_order` (`delete_fl`, `process_state`, `total_price`, `created_at`, `deleted_at`, `delivered_at`, `deposited_at`, `iaddress`, `iorder`, `ipayment_option`, `iuser`, `updated_at`, `phone_number`, `address_nm`, `email`, `delivery_request`) VALUES (0, 2, 598700, '2024-06-13 14:31:23.000000', NULL, NULL, NULL, 70, 100062, 3, 61, '2024-02-01 16:02:52.000000', '010-8591-4011', '정지수', 'jisoocity@naver.com', NULL);
INSERT INTO `t_order` (`delete_fl`, `process_state`, `total_price`, `created_at`, `deleted_at`, `delivered_at`, `deposited_at`, `iaddress`, `iorder`, `ipayment_option`, `iuser`, `updated_at`, `phone_number`, `address_nm`, `email`, `delivery_request`) VALUES (0, 4, 188600, '2024-06-13 14:31:23.000000', NULL, NULL, NULL, 67, 100064, 3, 58, '2024-02-01 16:46:49.000000', '010-8491-3982', '구일모', 'johnny@gmail.com', NULL);
INSERT INTO `t_order` (`delete_fl`, `process_state`, `total_price`, `created_at`, `deleted_at`, `delivered_at`, `deposited_at`, `iaddress`, `iorder`, `ipayment_option`, `iuser`, `updated_at`, `phone_number`, `address_nm`, `email`, `delivery_request`) VALUES (0, 3, 318000, '2024-06-11 14:31:23.000000', NULL, NULL, NULL, 69, 100065, 3, 60, '2024-02-01 16:02:52.000000', '010-9311-9411', '이강인', 'kanginlee@hanmail.net', NULL);
INSERT INTO `t_order` (`delete_fl`, `process_state`, `total_price`, `created_at`, `deleted_at`, `delivered_at`, `deposited_at`, `iaddress`, `iorder`, `ipayment_option`, `iuser`, `updated_at`, `phone_number`, `address_nm`, `email`, `delivery_request`) VALUES (0, 1, 462000, '2024-06-11 14:31:23.000000', NULL, NULL, NULL, 70, 100066, 2, 61, '2024-02-01 16:03:18.000000', '010-8591-4011', '정지수', 'jisoocity@naver.com', NULL);
INSERT INTO `t_order` (`delete_fl`, `process_state`, `total_price`, `created_at`, `deleted_at`, `delivered_at`, `deposited_at`, `iaddress`, `iorder`, `ipayment_option`, `iuser`, `updated_at`, `phone_number`, `address_nm`, `email`, `delivery_request`) VALUES (0, 4, 78000, '2024-02-01 14:31:23.000000', NULL, NULL, NULL, 70, 100067, 3, 61, '2024-02-01 16:46:44.000000', '010-8591-4011', '정지수', 'jisoocity@naver.com', NULL);
INSERT INTO `t_order` (`delete_fl`, `process_state`, `total_price`, `created_at`, `deleted_at`, `delivered_at`, `deposited_at`, `iaddress`, `iorder`, `ipayment_option`, `iuser`, `updated_at`, `phone_number`, `address_nm`, `email`, `delivery_request`) VALUES (0, 1, 571200, '2024-02-01 14:31:23.000000', NULL, NULL, NULL, 64, 100069, 2, 55, '2024-02-01 16:03:18.000000', '010-3192-2910', '이정도', 'leejungdo@gmail.com', NULL);
INSERT INTO `t_order` (`delete_fl`, `process_state`, `total_price`, `created_at`, `deleted_at`, `delivered_at`, `deposited_at`, `iaddress`, `iorder`, `ipayment_option`, `iuser`, `updated_at`, `phone_number`, `address_nm`, `email`, `delivery_request`) VALUES (0, 3, 205000, '2024-02-01 14:31:24.000000', NULL, NULL, NULL, 64, 100070, 3, 55, '2024-02-01 16:02:52.000000', '010-3192-2910', '이정도', 'leejungdo@gmail.com', NULL);
INSERT INTO `t_order` (`delete_fl`, `process_state`, `total_price`, `created_at`, `deleted_at`, `delivered_at`, `deposited_at`, `iaddress`, `iorder`, `ipayment_option`, `iuser`, `updated_at`, `phone_number`, `address_nm`, `email`, `delivery_request`) VALUES (0, 1, 144000, '2024-02-01 14:31:24.000000', NULL, NULL, NULL, 64, 100072, 2, 55, '2024-02-01 16:03:18.000000', '010-3192-2910', '이정도', 'leejungdo@gmail.com', NULL);
INSERT INTO `t_order` (`delete_fl`, `process_state`, `total_price`, `created_at`, `deleted_at`, `delivered_at`, `deposited_at`, `iaddress`, `iorder`, `ipayment_option`, `iuser`, `updated_at`, `phone_number`, `address_nm`, `email`, `delivery_request`) VALUES (0, 3, 425400, '2024-02-01 14:31:24.000000', NULL, NULL, NULL, 69, 100073, 3, 60, '2024-02-01 16:02:52.000000', '010-9311-9411', '이강인', 'kanginlee@hanmail.net', NULL);
INSERT INTO `t_order` (`delete_fl`, `process_state`, `total_price`, `created_at`, `deleted_at`, `delivered_at`, `deposited_at`, `iaddress`, `iorder`, `ipayment_option`, `iuser`, `updated_at`, `phone_number`, `address_nm`, `email`, `delivery_request`) VALUES (0, 3, 112000, '2024-02-01 14:31:24.000000', NULL, NULL, NULL, 67, 100087, 3, 58, '2024-02-01 16:02:52.000000', '010-8491-3982', '구일모', 'johnny@gmail.com', NULL);

-- tOrderDetails
INSERT INTO `t_order_details` (`product_cnt`, `product_price`, `product_total_price`, `refund_fl`, `created_at`, `idetails`, `iorder`, `iproduct`, `refunded_at`, `updated_at`) VALUES (4, 50000, 200000, 1, '2023-03-03 14:31:24.000000', 247, 100111, 52, NULL, '2024-02-01 14:53:42.000000');
INSERT INTO `t_order_details` (`product_cnt`, `product_price`, `product_total_price`, `refund_fl`, `created_at`, `idetails`, `iorder`, `iproduct`, `refunded_at`, `updated_at`) VALUES (2, 10000, 20000, 1, '2023-03-03 14:31:24.000000', 324, 100112, 51, NULL, '2024-02-01 14:53:42.000000');
INSERT INTO `t_order_details` (`product_cnt`, `product_price`, `product_total_price`, `refund_fl`, `created_at`, `idetails`, `iorder`, `iproduct`, `refunded_at`, `updated_at`) VALUES (1, 18200, 18200, 1, '2024-02-01 14:31:23.000000', 322, 100067, 54, NULL, '2024-02-01 14:53:42.000000');
INSERT INTO `t_order_details` (`product_cnt`, `product_price`, `product_total_price`, `refund_fl`, `created_at`, `idetails`, `iorder`, `iproduct`, `refunded_at`, `updated_at`) VALUES (5, 13000, 65000, 1, '2024-02-01 14:31:24.000000', 132, 100094, 57, NULL, '2024-02-01 14:53:42.000000');
INSERT INTO `t_order_details` (`product_cnt`, `product_price`, `product_total_price`, `refund_fl`, `created_at`, `idetails`, `iorder`, `iproduct`, `refunded_at`, `updated_at`) VALUES (4, 28000, 112000, 1, '2024-02-01 14:31:24.000000', 256, 100096, 58, NULL, '2024-02-01 14:53:42.000000');
INSERT INTO `t_order_details` (`product_cnt`, `product_price`, `product_total_price`, `refund_fl`, `created_at`, `idetails`, `iorder`, `iproduct`, `refunded_at`, `updated_at`) VALUES (2, 18200, 36400, 1, '2024-02-01 14:31:24.000000', 421, 100136, 56, NULL, '2024-02-01 14:53:42.000000');
INSERT INTO `t_order_details` (`product_cnt`, `product_price`, `product_total_price`, `refund_fl`, `created_at`, `idetails`, `iorder`, `iproduct`, `refunded_at`, `updated_at`) VALUES (3, 18200, 54600, 1, '2024-06-13 14:31:23.000000', 342, 100064, 54, NULL, '2024-02-01 14:53:42.000000');
INSERT INTO `t_order_details` (`product_cnt`, `product_price`, `product_total_price`, `refund_fl`, `created_at`, `idetails`, `iorder`, `iproduct`, `refunded_at`, `updated_at`) VALUES (6, 18200, 109200, 0, '2023-02-01 14:31:24.000000', 357, 100113, 56, NULL, '2024-02-01 14:53:42.000000');
INSERT INTO `t_order_details` (`product_cnt`, `product_price`, `product_total_price`, `refund_fl`, `created_at`, `idetails`, `iorder`, `iproduct`, `refunded_at`, `updated_at`) VALUES (4, 19800, 79200, 0, '2023-02-01 14:31:24.000000', 361, 100113, 53, NULL, '2024-02-01 14:53:42.000000');
INSERT INTO `t_order_details` (`product_cnt`, `product_price`, `product_total_price`, `refund_fl`, `created_at`, `idetails`, `iorder`, `iproduct`, `refunded_at`, `updated_at`) VALUES (6, 39900, 239400, 0, '2023-02-01 14:31:24.000000', 255, 100113, 48, NULL, '2024-02-01 14:53:42.000000');
INSERT INTO `t_order_details` (`product_cnt`, `product_price`, `product_total_price`, `refund_fl`, `created_at`, `idetails`, `iorder`, `iproduct`, `refunded_at`, `updated_at`) VALUES (3, 50000, 150000, 0, '2023-02-01 14:31:24.000000', 116, 100114, 52, NULL, '2024-02-01 14:53:42.000000');
INSERT INTO `t_order_details` (`product_cnt`, `product_price`, `product_total_price`, `refund_fl`, `created_at`, `idetails`, `iorder`, `iproduct`, `refunded_at`, `updated_at`) VALUES (4, 18200, 72800, 0, '2023-02-01 14:31:24.000000', 143, 100114, 56, NULL, '2024-02-01 14:53:42.000000');
INSERT INTO `t_order_details` (`product_cnt`, `product_price`, `product_total_price`, `refund_fl`, `created_at`, `idetails`, `iorder`, `iproduct`, `refunded_at`, `updated_at`) VALUES (4, 39900, 159600, 0, '2023-02-01 14:31:24.000000', 220, 100114, 48, NULL, '2024-02-01 14:53:42.000000');
INSERT INTO `t_order_details` (`product_cnt`, `product_price`, `product_total_price`, `refund_fl`, `created_at`, `idetails`, `iorder`, `iproduct`, `refunded_at`, `updated_at`) VALUES (4, 34000, 136000, 0, '2023-02-01 14:31:24.000000', 328, 100114, 55, NULL, '2024-02-01 14:53:42.000000');
INSERT INTO `t_order_details` (`product_cnt`, `product_price`, `product_total_price`, `refund_fl`, `created_at`, `idetails`, `iorder`, `iproduct`, `refunded_at`, `updated_at`) VALUES (6, 18200, 109200, 0, '2023-02-01 14:31:24.000000', 399, 100115, 56, NULL, '2024-02-01 14:53:42.000000');
INSERT INTO `t_order_details` (`product_cnt`, `product_price`, `product_total_price`, `refund_fl`, `created_at`, `idetails`, `iorder`, `iproduct`, `refunded_at`, `updated_at`) VALUES (5, 37000, 185000, 0, '2023-02-01 14:31:24.000000', 303, 100115, 49, NULL, '2024-02-01 14:53:42.000000');
INSERT INTO `t_order_details` (`product_cnt`, `product_price`, `product_total_price`, `refund_fl`, `created_at`, `idetails`, `iorder`, `iproduct`, `refunded_at`, `updated_at`) VALUES (5, 13000, 65000, 0, '2023-02-01 14:31:24.000000', 161, 100115, 57, NULL, '2024-02-01 14:53:42.000000');
INSERT INTO `t_order_details` (`product_cnt`, `product_price`, `product_total_price`, `refund_fl`, `created_at`, `idetails`, `iorder`, `iproduct`, `refunded_at`, `updated_at`) VALUES (4, 19800, 79200, 0, '2023-02-01 14:31:24.000000', 321, 100115, 53, NULL, '2024-02-01 14:53:42.000000');
INSERT INTO `t_order_details` (`product_cnt`, `product_price`, `product_total_price`, `refund_fl`, `created_at`, `idetails`, `iorder`, `iproduct`, `refunded_at`, `updated_at`) VALUES (6, 15000, 90000, 0, '2023-02-01 14:31:24.000000', 391, 100116, 50, NULL, '2024-02-01 14:53:42.000000');
INSERT INTO `t_order_details` (`product_cnt`, `product_price`, `product_total_price`, `refund_fl`, `created_at`, `idetails`, `iorder`, `iproduct`, `refunded_at`, `updated_at`) VALUES (5, 28000, 140000, 0, '2023-02-01 14:31:24.000000', 111, 100116, 58, NULL, '2024-02-01 14:53:42.000000');
INSERT INTO `t_order_details` (`product_cnt`, `product_price`, `product_total_price`, `refund_fl`, `created_at`, `idetails`, `iorder`, `iproduct`, `refunded_at`, `updated_at`) VALUES (2, 50000, 100000, 0, '2023-03-01 14:31:24.000000', 440, 100109, 52, NULL, '2024-02-01 14:53:42.000000');
INSERT INTO `t_order_details` (`product_cnt`, `product_price`, `product_total_price`, `refund_fl`, `created_at`, `idetails`, `iorder`, `iproduct`, `refunded_at`, `updated_at`) VALUES (6, 19800, 118800, 0, '2023-03-01 14:31:24.000000', 254, 100109, 53, NULL, '2024-02-01 14:52:19.000000');
INSERT INTO `t_order_details` (`product_cnt`, `product_price`, `product_total_price`, `refund_fl`, `created_at`, `idetails`, `iorder`, `iproduct`, `refunded_at`, `updated_at`) VALUES (6, 28000, 168000, 0, '2023-03-01 14:31:24.000000', 366, 100110, 58, NULL, '2024-02-01 14:53:42.000000');
INSERT INTO `t_order_details` (`product_cnt`, `product_price`, `product_total_price`, `refund_fl`, `created_at`, `idetails`, `iorder`, `iproduct`, `refunded_at`, `updated_at`) VALUES (5, 50000, 250000, 0, '2023-03-01 14:31:24.000000', 260, 100110, 52, NULL, '2024-02-01 14:53:42.000000');
INSERT INTO `t_order_details` (`product_cnt`, `product_price`, `product_total_price`, `refund_fl`, `created_at`, `idetails`, `iorder`, `iproduct`, `refunded_at`, `updated_at`) VALUES (2, 37000, 74000, 0, '2023-03-03 14:31:24.000000', 162, 100111, 49, NULL, '2024-02-01 14:52:19.000000');
INSERT INTO `t_order_details` (`product_cnt`, `product_price`, `product_total_price`, `refund_fl`, `created_at`, `idetails`, `iorder`, `iproduct`, `refunded_at`, `updated_at`) VALUES (1, 13000, 13000, 0, '2023-03-03 14:31:24.000000', 280, 100111, 57, NULL, '2024-02-01 14:53:42.000000');
INSERT INTO `t_order_details` (`product_cnt`, `product_price`, `product_total_price`, `refund_fl`, `created_at`, `idetails`, `iorder`, `iproduct`, `refunded_at`, `updated_at`) VALUES (1, 18200, 18200, 0, '2023-03-03 14:31:24.000000', 157, 100111, 56, NULL, '2024-02-01 14:53:42.000000');
INSERT INTO `t_order_details` (`product_cnt`, `product_price`, `product_total_price`, `refund_fl`, `created_at`, `idetails`, `iorder`, `iproduct`, `refunded_at`, `updated_at`) VALUES (4, 39900, 159600, 0, '2023-03-03 14:31:24.000000', 146, 100111, 48, NULL, '2024-02-01 14:53:42.000000');
INSERT INTO `t_order_details` (`product_cnt`, `product_price`, `product_total_price`, `refund_fl`, `created_at`, `idetails`, `iorder`, `iproduct`, `refunded_at`, `updated_at`) VALUES (4, 18200, 72800, 0, '2023-03-03 14:31:24.000000', 331, 100111, 54, NULL, '2024-02-01 14:53:42.000000');
INSERT INTO `t_order_details` (`product_cnt`, `product_price`, `product_total_price`, `refund_fl`, `created_at`, `idetails`, `iorder`, `iproduct`, `refunded_at`, `updated_at`) VALUES (4, 28000, 112000, 0, '2023-03-03 14:31:24.000000', 125, 100112, 58, NULL, '2024-02-01 14:53:42.000000');
INSERT INTO `t_order_details` (`product_cnt`, `product_price`, `product_total_price`, `refund_fl`, `created_at`, `idetails`, `iorder`, `iproduct`, `refunded_at`, `updated_at`) VALUES (4, 29900, 119600, 0, '2023-03-03 14:31:24.000000', 417, 100112, 47, NULL, '2024-02-01 14:53:42.000000');
INSERT INTO `t_order_details` (`product_cnt`, `product_price`, `product_total_price`, `refund_fl`, `created_at`, `idetails`, `iorder`, `iproduct`, `refunded_at`, `updated_at`) VALUES (5, 15000, 75000, 0, '2023-03-03 14:31:24.000000', 308, 100112, 50, NULL, '2024-02-01 14:53:42.000000');
INSERT INTO `t_order_details` (`product_cnt`, `product_price`, `product_total_price`, `refund_fl`, `created_at`, `idetails`, `iorder`, `iproduct`, `refunded_at`, `updated_at`) VALUES (4, 34000, 136000, 0, '2024-01-01 14:31:23.000000', 181, 100054, 55, NULL, '2024-02-01 14:53:42.000000');
INSERT INTO `t_order_details` (`product_cnt`, `product_price`, `product_total_price`, `refund_fl`, `created_at`, `idetails`, `iorder`, `iproduct`, `refunded_at`, `updated_at`) VALUES (5, 10000, 50000, 0, '2024-01-01 14:31:23.000000', 394, 100054, 51, NULL, '2024-02-01 14:53:42.000000');
INSERT INTO `t_order_details` (`product_cnt`, `product_price`, `product_total_price`, `refund_fl`, `created_at`, `idetails`, `iorder`, `iproduct`, `refunded_at`, `updated_at`) VALUES (4, 39900, 159600, 0, '2024-01-01 14:31:23.000000', 141, 100054, 48, NULL, '2024-02-01 14:53:42.000000');
INSERT INTO `t_order_details` (`product_cnt`, `product_price`, `product_total_price`, `refund_fl`, `created_at`, `idetails`, `iorder`, `iproduct`, `refunded_at`, `updated_at`) VALUES (5, 13000, 65000, 0, '2024-01-01 14:31:23.000000', 438, 100055, 57, NULL, '2024-02-01 14:53:42.000000');
INSERT INTO `t_order_details` (`product_cnt`, `product_price`, `product_total_price`, `refund_fl`, `created_at`, `idetails`, `iorder`, `iproduct`, `refunded_at`, `updated_at`) VALUES (1, 28000, 28000, 0, '2024-02-01 14:31:23.000000', 232, 100040, 58, NULL, '2024-02-01 14:52:19.000000');
INSERT INTO `t_order_details` (`product_cnt`, `product_price`, `product_total_price`, `refund_fl`, `created_at`, `idetails`, `iorder`, `iproduct`, `refunded_at`, `updated_at`) VALUES (4, 13000, 52000, 0, '2024-02-01 14:31:23.000000', 243, 100040, 57, NULL, '2024-02-01 14:53:42.000000');
INSERT INTO `t_order_details` (`product_cnt`, `product_price`, `product_total_price`, `refund_fl`, `created_at`, `idetails`, `iorder`, `iproduct`, `refunded_at`, `updated_at`) VALUES (1, 37000, 37000, 0, '2024-02-01 14:31:23.000000', 276, 100041, 49, NULL, '2024-02-01 14:53:42.000000');
INSERT INTO `t_order_details` (`product_cnt`, `product_price`, `product_total_price`, `refund_fl`, `created_at`, `idetails`, `iorder`, `iproduct`, `refunded_at`, `updated_at`) VALUES (6, 50000, 300000, 0, '2024-02-01 14:31:23.000000', 130, 100041, 52, NULL, '2024-02-01 14:53:42.000000');
INSERT INTO `t_order_details` (`product_cnt`, `product_price`, `product_total_price`, `refund_fl`, `created_at`, `idetails`, `iorder`, `iproduct`, `refunded_at`, `updated_at`) VALUES (5, 34000, 170000, 0, '2024-02-01 14:31:23.000000', 227, 100056, 55, NULL, '2024-02-01 14:53:42.000000');
INSERT INTO `t_order_details` (`product_cnt`, `product_price`, `product_total_price`, `refund_fl`, `created_at`, `idetails`, `iorder`, `iproduct`, `refunded_at`, `updated_at`) VALUES (6, 29900, 179400, 0, '2024-02-01 14:31:23.000000', 136, 100056, 47, NULL, '2024-02-01 14:53:42.000000');
INSERT INTO `t_order_details` (`product_cnt`, `product_price`, `product_total_price`, `refund_fl`, `created_at`, `idetails`, `iorder`, `iproduct`, `refunded_at`, `updated_at`) VALUES (4, 39900, 159600, 0, '2024-02-01 14:31:23.000000', 253, 100057, 48, NULL, '2024-02-01 14:53:42.000000');
INSERT INTO `t_order_details` (`product_cnt`, `product_price`, `product_total_price`, `refund_fl`, `created_at`, `idetails`, `iorder`, `iproduct`, `refunded_at`, `updated_at`) VALUES (5, 34000, 170000, 0, '2024-02-01 14:31:23.000000', 127, 100057, 55, NULL, '2024-02-01 14:53:42.000000');
INSERT INTO `t_order_details` (`product_cnt`, `product_price`, `product_total_price`, `refund_fl`, `created_at`, `idetails`, `iorder`, `iproduct`, `refunded_at`, `updated_at`) VALUES (5, 28000, 140000, 0, '2024-02-01 14:31:23.000000', 358, 100058, 58, NULL, '2024-02-01 14:53:42.000000');
INSERT INTO `t_order_details` (`product_cnt`, `product_price`, `product_total_price`, `refund_fl`, `created_at`, `idetails`, `iorder`, `iproduct`, `refunded_at`, `updated_at`) VALUES (3, 13000, 39000, 0, '2024-02-01 14:31:23.000000', 301, 100058, 57, NULL, '2024-02-01 14:53:42.000000');
INSERT INTO `t_order_details` (`product_cnt`, `product_price`, `product_total_price`, `refund_fl`, `created_at`, `idetails`, `iorder`, `iproduct`, `refunded_at`, `updated_at`) VALUES (5, 37000, 185000, 0, '2024-02-01 14:31:23.000000', 114, 100058, 49, NULL, '2024-02-01 14:53:42.000000');
INSERT INTO `t_order_details` (`product_cnt`, `product_price`, `product_total_price`, `refund_fl`, `created_at`, `idetails`, `iorder`, `iproduct`, `refunded_at`, `updated_at`) VALUES (2, 29900, 59800, 0, '2024-02-01 14:31:23.000000', 241, 100067, 47, NULL, '2024-02-01 14:53:42.000000');
INSERT INTO `t_order_details` (`product_cnt`, `product_price`, `product_total_price`, `refund_fl`, `created_at`, `idetails`, `iorder`, `iproduct`, `refunded_at`, `updated_at`) VALUES (4, 39900, 159600, 0, '2024-02-01 14:31:23.000000', 204, 100069, 48, NULL, '2024-02-01 14:53:42.000000');
INSERT INTO `t_order_details` (`product_cnt`, `product_price`, `product_total_price`, `refund_fl`, `created_at`, `idetails`, `iorder`, `iproduct`, `refunded_at`, `updated_at`) VALUES (4, 34000, 136000, 0, '2024-02-01 14:31:23.000000', 401, 100069, 55, NULL, '2024-02-01 14:53:42.000000');
INSERT INTO `t_order_details` (`product_cnt`, `product_price`, `product_total_price`, `refund_fl`, `created_at`, `idetails`, `iorder`, `iproduct`, `refunded_at`, `updated_at`) VALUES (5, 18200, 91000, 0, '2024-02-01 14:31:23.000000', 179, 100069, 56, NULL, '2024-02-01 14:53:42.000000');
INSERT INTO `t_order_details` (`product_cnt`, `product_price`, `product_total_price`, `refund_fl`, `created_at`, `idetails`, `iorder`, `iproduct`, `refunded_at`, `updated_at`) VALUES (5, 13000, 65000, 0, '2024-02-01 14:31:23.000000', 213, 100069, 57, NULL, '2024-02-01 14:53:42.000000');
INSERT INTO `t_order_details` (`product_cnt`, `product_price`, `product_total_price`, `refund_fl`, `created_at`, `idetails`, `iorder`, `iproduct`, `refunded_at`, `updated_at`) VALUES (4, 29900, 119600, 0, '2024-02-01 14:31:23.000000', 323, 100069, 47, NULL, '2024-02-01 14:53:42.000000');
INSERT INTO `t_order_details` (`product_cnt`, `product_price`, `product_total_price`, `refund_fl`, `created_at`, `idetails`, `iorder`, `iproduct`, `refunded_at`, `updated_at`) VALUES (1, 10000, 10000, 0, '2024-02-01 14:31:24.000000', 194, 100070, 51, NULL, '2024-02-01 14:53:42.000000');
INSERT INTO `t_order_details` (`product_cnt`, `product_price`, `product_total_price`, `refund_fl`, `created_at`, `idetails`, `iorder`, `iproduct`, `refunded_at`, `updated_at`) VALUES (2, 37000, 74000, 0, '2024-02-01 14:31:24.000000', 193, 100070, 49, NULL, '2024-02-01 14:52:19.000000');
INSERT INTO `t_order_details` (`product_cnt`, `product_price`, `product_total_price`, `refund_fl`, `created_at`, `idetails`, `iorder`, `iproduct`, `refunded_at`, `updated_at`) VALUES (2, 15000, 30000, 0, '2024-02-01 14:31:24.000000', 428, 100070, 50, NULL, '2024-02-01 14:53:42.000000');
INSERT INTO `t_order_details` (`product_cnt`, `product_price`, `product_total_price`, `refund_fl`, `created_at`, `idetails`, `iorder`, `iproduct`, `refunded_at`, `updated_at`) VALUES (5, 18200, 91000, 0, '2024-02-01 14:31:24.000000', 362, 100070, 56, NULL, '2024-02-01 14:53:42.000000');
INSERT INTO `t_order_details` (`product_cnt`, `product_price`, `product_total_price`, `refund_fl`, `created_at`, `idetails`, `iorder`, `iproduct`, `refunded_at`, `updated_at`) VALUES (5, 19800, 99000, 0, '2024-02-01 14:31:24.000000', 295, 100072, 53, NULL, '2024-02-01 14:53:42.000000');
INSERT INTO `t_order_details` (`product_cnt`, `product_price`, `product_total_price`, `refund_fl`, `created_at`, `idetails`, `iorder`, `iproduct`, `refunded_at`, `updated_at`) VALUES (1, 15000, 15000, 0, '2024-02-01 14:31:24.000000', 257, 100072, 50, NULL, '2024-02-01 14:53:42.000000');
INSERT INTO `t_order_details` (`product_cnt`, `product_price`, `product_total_price`, `refund_fl`, `created_at`, `idetails`, `iorder`, `iproduct`, `refunded_at`, `updated_at`) VALUES (3, 10000, 30000, 0, '2024-02-01 14:31:24.000000', 432, 100072, 51, NULL, '2024-02-01 14:53:42.000000');
INSERT INTO `t_order_details` (`product_cnt`, `product_price`, `product_total_price`, `refund_fl`, `created_at`, `idetails`, `iorder`, `iproduct`, `refunded_at`, `updated_at`) VALUES (4, 13000, 52000, 0, '2024-02-01 14:31:24.000000', 153, 100073, 57, NULL, '2024-02-01 14:53:42.000000');
INSERT INTO `t_order_details` (`product_cnt`, `product_price`, `product_total_price`, `refund_fl`, `created_at`, `idetails`, `iorder`, `iproduct`, `refunded_at`, `updated_at`) VALUES (5, 10000, 50000, 0, '2024-02-01 14:31:24.000000', 245, 100073, 51, NULL, '2024-02-01 14:52:19.000000');
INSERT INTO `t_order_details` (`product_cnt`, `product_price`, `product_total_price`, `refund_fl`, `created_at`, `idetails`, `iorder`, `iproduct`, `refunded_at`, `updated_at`) VALUES (6, 18200, 109200, 0, '2024-02-01 14:31:24.000000', 164, 100073, 54, NULL, '2024-02-01 14:53:42.000000');
INSERT INTO `t_order_details` (`product_cnt`, `product_price`, `product_total_price`, `refund_fl`, `created_at`, `idetails`, `iorder`, `iproduct`, `refunded_at`, `updated_at`) VALUES (4, 39900, 159600, 0, '2024-02-01 14:31:24.000000', 352, 100073, 48, NULL, '2024-02-01 14:53:42.000000');
INSERT INTO `t_order_details` (`product_cnt`, `product_price`, `product_total_price`, `refund_fl`, `created_at`, `idetails`, `iorder`, `iproduct`, `refunded_at`, `updated_at`) VALUES (3, 18200, 54600, 0, '2024-02-01 14:31:24.000000', 297, 100073, 56, NULL, '2024-02-01 14:53:42.000000');
INSERT INTO `t_order_details` (`product_cnt`, `product_price`, `product_total_price`, `refund_fl`, `created_at`, `idetails`, `iorder`, `iproduct`, `refunded_at`, `updated_at`) VALUES (6, 34000, 204000, 0, '2024-02-01 14:31:24.000000', 191, 100079, 55, NULL, '2024-02-01 14:53:42.000000');
INSERT INTO `t_order_details` (`product_cnt`, `product_price`, `product_total_price`, `refund_fl`, `created_at`, `idetails`, `iorder`, `iproduct`, `refunded_at`, `updated_at`) VALUES (4, 13000, 52000, 0, '2024-02-01 14:31:24.000000', 211, 100081, 57, NULL, '2024-02-01 14:53:42.000000');
INSERT INTO `t_order_details` (`product_cnt`, `product_price`, `product_total_price`, `refund_fl`, `created_at`, `idetails`, `iorder`, `iproduct`, `refunded_at`, `updated_at`) VALUES (5, 34000, 170000, 0, '2024-02-01 14:31:24.000000', 300, 100081, 55, NULL, '2024-02-01 14:53:42.000000');
INSERT INTO `t_order_details` (`product_cnt`, `product_price`, `product_total_price`, `refund_fl`, `created_at`, `idetails`, `iorder`, `iproduct`, `refunded_at`, `updated_at`) VALUES (2, 10000, 20000, 0, '2024-02-01 14:31:24.000000', 450, 100081, 51, NULL, '2024-02-01 14:53:42.000000');
INSERT INTO `t_order_details` (`product_cnt`, `product_price`, `product_total_price`, `refund_fl`, `created_at`, `idetails`, `iorder`, `iproduct`, `refunded_at`, `updated_at`) VALUES (5, 15000, 75000, 0, '2024-02-01 14:31:24.000000', 320, 100081, 50, NULL, '2024-02-01 14:53:42.000000');
INSERT INTO `t_order_details` (`product_cnt`, `product_price`, `product_total_price`, `refund_fl`, `created_at`, `idetails`, `iorder`, `iproduct`, `refunded_at`, `updated_at`) VALUES (4, 29900, 119600, 0, '2024-02-01 14:31:24.000000', 341, 100081, 47, NULL, '2024-02-01 14:53:42.000000');
INSERT INTO `t_order_details` (`product_cnt`, `product_price`, `product_total_price`, `refund_fl`, `created_at`, `idetails`, `iorder`, `iproduct`, `refunded_at`, `updated_at`) VALUES (4, 18200, 72800, 0, '2024-02-01 14:31:24.000000', 307, 100082, 54, NULL, '2024-02-01 14:53:42.000000');
INSERT INTO `t_order_details` (`product_cnt`, `product_price`, `product_total_price`, `refund_fl`, `created_at`, `idetails`, `iorder`, `iproduct`, `refunded_at`, `updated_at`) VALUES (4, 10000, 40000, 0, '2024-02-01 14:31:24.000000', 230, 100082, 51, NULL, '2024-02-01 14:53:42.000000');
INSERT INTO `t_order_details` (`product_cnt`, `product_price`, `product_total_price`, `refund_fl`, `created_at`, `idetails`, `iorder`, `iproduct`, `refunded_at`, `updated_at`) VALUES (5, 37000, 185000, 0, '2024-02-01 14:31:24.000000', 246, 100083, 49, NULL, '2024-02-01 14:53:42.000000');
INSERT INTO `t_order_details` (`product_cnt`, `product_price`, `product_total_price`, `refund_fl`, `created_at`, `idetails`, `iorder`, `iproduct`, `refunded_at`, `updated_at`) VALUES (3, 18200, 54600, 0, '2024-02-01 14:31:24.000000', 333, 100083, 54, NULL, '2024-02-01 14:53:42.000000');
INSERT INTO `t_order_details` (`product_cnt`, `product_price`, `product_total_price`, `refund_fl`, `created_at`, `idetails`, `iorder`, `iproduct`, `refunded_at`, `updated_at`) VALUES (6, 18200, 109200, 0, '2024-02-01 14:31:24.000000', 128, 100083, 56, NULL, '2024-02-01 14:53:42.000000');
INSERT INTO `t_order_details` (`product_cnt`, `product_price`, `product_total_price`, `refund_fl`, `created_at`, `idetails`, `iorder`, `iproduct`, `refunded_at`, `updated_at`) VALUES (4, 10000, 40000, 0, '2024-02-01 14:31:24.000000', 370, 100083, 51, NULL, '2024-02-01 14:53:42.000000');
INSERT INTO `t_order_details` (`product_cnt`, `product_price`, `product_total_price`, `refund_fl`, `created_at`, `idetails`, `iorder`, `iproduct`, `refunded_at`, `updated_at`) VALUES (4, 10000, 40000, 0, '2024-02-01 14:31:24.000000', 237, 100084, 51, NULL, '2024-02-01 14:53:42.000000');
INSERT INTO `t_order_details` (`product_cnt`, `product_price`, `product_total_price`, `refund_fl`, `created_at`, `idetails`, `iorder`, `iproduct`, `refunded_at`, `updated_at`) VALUES (3, 50000, 150000, 0, '2024-02-01 14:31:24.000000', 424, 100085, 52, NULL, '2024-02-01 14:53:42.000000');
INSERT INTO `t_order_details` (`product_cnt`, `product_price`, `product_total_price`, `refund_fl`, `created_at`, `idetails`, `iorder`, `iproduct`, `refunded_at`, `updated_at`) VALUES (5, 19800, 99000, 0, '2024-02-01 14:31:24.000000', 410, 100085, 53, NULL, '2024-02-01 14:53:42.000000');
INSERT INTO `t_order_details` (`product_cnt`, `product_price`, `product_total_price`, `refund_fl`, `created_at`, `idetails`, `iorder`, `iproduct`, `refunded_at`, `updated_at`) VALUES (6, 15000, 90000, 0, '2024-02-01 14:31:24.000000', 377, 100085, 50, NULL, '2024-02-01 14:53:42.000000');
INSERT INTO `t_order_details` (`product_cnt`, `product_price`, `product_total_price`, `refund_fl`, `created_at`, `idetails`, `iorder`, `iproduct`, `refunded_at`, `updated_at`) VALUES (4, 15000, 60000, 0, '2024-02-01 14:31:24.000000', 356, 100086, 50, NULL, '2024-02-01 14:53:42.000000');
INSERT INTO `t_order_details` (`product_cnt`, `product_price`, `product_total_price`, `refund_fl`, `created_at`, `idetails`, `iorder`, `iproduct`, `refunded_at`, `updated_at`) VALUES (4, 50000, 200000, 0, '2024-02-01 14:31:24.000000', 294, 100086, 52, NULL, '2024-02-01 14:53:42.000000');
INSERT INTO `t_order_details` (`product_cnt`, `product_price`, `product_total_price`, `refund_fl`, `created_at`, `idetails`, `iorder`, `iproduct`, `refunded_at`, `updated_at`) VALUES (4, 39900, 159600, 0, '2024-02-01 14:31:24.000000', 395, 100086, 48, NULL, '2024-02-01 14:53:42.000000');
INSERT INTO `t_order_details` (`product_cnt`, `product_price`, `product_total_price`, `refund_fl`, `created_at`, `idetails`, `iorder`, `iproduct`, `refunded_at`, `updated_at`) VALUES (4, 28000, 112000, 0, '2024-02-01 14:31:24.000000', 351, 100087, 58, NULL, '2024-02-01 14:53:42.000000');
INSERT INTO `t_order_details` (`product_cnt`, `product_price`, `product_total_price`, `refund_fl`, `created_at`, `idetails`, `iorder`, `iproduct`, `refunded_at`, `updated_at`) VALUES (5, 10000, 50000, 0, '2024-02-01 14:31:24.000000', 264, 100088, 51, NULL, '2024-02-01 14:53:42.000000');
INSERT INTO `t_order_details` (`product_cnt`, `product_price`, `product_total_price`, `refund_fl`, `created_at`, `idetails`, `iorder`, `iproduct`, `refunded_at`, `updated_at`) VALUES (5, 19800, 99000, 0, '2024-02-01 14:31:24.000000', 274, 100088, 53, NULL, '2024-02-01 14:53:42.000000');
INSERT INTO `t_order_details` (`product_cnt`, `product_price`, `product_total_price`, `refund_fl`, `created_at`, `idetails`, `iorder`, `iproduct`, `refunded_at`, `updated_at`) VALUES (5, 18200, 91000, 0, '2024-02-01 14:31:24.000000', 250, 100088, 56, NULL, '2024-02-01 14:53:42.000000');
INSERT INTO `t_order_details` (`product_cnt`, `product_price`, `product_total_price`, `refund_fl`, `created_at`, `idetails`, `iorder`, `iproduct`, `refunded_at`, `updated_at`) VALUES (4, 19800, 79200, 0, '2024-02-01 14:31:24.000000', 218, 100089, 53, NULL, '2024-02-01 14:53:42.000000');
INSERT INTO `t_order_details` (`product_cnt`, `product_price`, `product_total_price`, `refund_fl`, `created_at`, `idetails`, `iorder`, `iproduct`, `refunded_at`, `updated_at`) VALUES (4, 37000, 148000, 0, '2024-02-01 14:31:24.000000', 429, 100089, 49, NULL, '2024-02-01 14:53:42.000000');
INSERT INTO `t_order_details` (`product_cnt`, `product_price`, `product_total_price`, `refund_fl`, `created_at`, `idetails`, `iorder`, `iproduct`, `refunded_at`, `updated_at`) VALUES (5, 39900, 199500, 0, '2024-02-01 14:31:24.000000', 345, 100089, 48, NULL, '2024-02-01 14:53:42.000000');
INSERT INTO `t_order_details` (`product_cnt`, `product_price`, `product_total_price`, `refund_fl`, `created_at`, `idetails`, `iorder`, `iproduct`, `refunded_at`, `updated_at`) VALUES (5, 10000, 50000, 0, '2024-02-01 14:31:24.000000', 422, 100090, 51, NULL, '2024-02-01 14:53:42.000000');
INSERT INTO `t_order_details` (`product_cnt`, `product_price`, `product_total_price`, `refund_fl`, `created_at`, `idetails`, `iorder`, `iproduct`, `refunded_at`, `updated_at`) VALUES (2, 34000, 68000, 0, '2024-02-01 14:31:24.000000', 317, 100090, 55, NULL, '2024-02-01 14:53:42.000000');
INSERT INTO `t_order_details` (`product_cnt`, `product_price`, `product_total_price`, `refund_fl`, `created_at`, `idetails`, `iorder`, `iproduct`, `refunded_at`, `updated_at`) VALUES (3, 39900, 119700, 0, '2024-02-01 14:31:24.000000', 390, 100090, 48, NULL, '2024-02-01 14:53:42.000000');
INSERT INTO `t_order_details` (`product_cnt`, `product_price`, `product_total_price`, `refund_fl`, `created_at`, `idetails`, `iorder`, `iproduct`, `refunded_at`, `updated_at`) VALUES (4, 37000, 148000, 0, '2024-02-01 14:31:24.000000', 273, 100091, 49, NULL, '2024-02-01 14:53:42.000000');
INSERT INTO `t_order_details` (`product_cnt`, `product_price`, `product_total_price`, `refund_fl`, `created_at`, `idetails`, `iorder`, `iproduct`, `refunded_at`, `updated_at`) VALUES (5, 50000, 250000, 0, '2024-02-01 14:31:24.000000', 108, 100091, 52, NULL, '2024-02-01 14:53:42.000000');
INSERT INTO `t_order_details` (`product_cnt`, `product_price`, `product_total_price`, `refund_fl`, `created_at`, `idetails`, `iorder`, `iproduct`, `refunded_at`, `updated_at`) VALUES (4, 18200, 72800, 0, '2024-02-01 14:31:24.000000', 312, 100093, 56, NULL, '2024-02-01 14:53:42.000000');
INSERT INTO `t_order_details` (`product_cnt`, `product_price`, `product_total_price`, `refund_fl`, `created_at`, `idetails`, `iorder`, `iproduct`, `refunded_at`, `updated_at`) VALUES (4, 29900, 119600, 0, '2024-02-01 14:31:24.000000', 115, 100093, 47, NULL, '2024-02-01 14:53:42.000000');
INSERT INTO `t_order_details` (`product_cnt`, `product_price`, `product_total_price`, `refund_fl`, `created_at`, `idetails`, `iorder`, `iproduct`, `refunded_at`, `updated_at`) VALUES (2, 37000, 74000, 0, '2024-02-01 14:31:24.000000', 261, 100093, 49, NULL, '2024-02-01 14:52:19.000000');
INSERT INTO `t_order_details` (`product_cnt`, `product_price`, `product_total_price`, `refund_fl`, `created_at`, `idetails`, `iorder`, `iproduct`, `refunded_at`, `updated_at`) VALUES (1, 39900, 39900, 0, '2024-02-01 14:31:24.000000', 318, 100093, 48, NULL, '2024-02-01 14:52:19.000000');
INSERT INTO `t_order_details` (`product_cnt`, `product_price`, `product_total_price`, `refund_fl`, `created_at`, `idetails`, `iorder`, `iproduct`, `refunded_at`, `updated_at`) VALUES (6, 10000, 60000, 0, '2024-02-01 14:31:24.000000', 309, 100093, 51, NULL, '2024-02-01 14:53:42.000000');
INSERT INTO `t_order_details` (`product_cnt`, `product_price`, `product_total_price`, `refund_fl`, `created_at`, `idetails`, `iorder`, `iproduct`, `refunded_at`, `updated_at`) VALUES (4, 37000, 148000, 0, '2024-02-01 14:31:24.000000', 110, 100094, 49, NULL, '2024-02-01 14:53:42.000000');
INSERT INTO `t_order_details` (`product_cnt`, `product_price`, `product_total_price`, `refund_fl`, `created_at`, `idetails`, `iorder`, `iproduct`, `refunded_at`, `updated_at`) VALUES (6, 18200, 109200, 0, '2024-02-01 14:31:24.000000', 319, 100094, 56, NULL, '2024-02-01 14:53:42.000000');
INSERT INTO `t_order_details` (`product_cnt`, `product_price`, `product_total_price`, `refund_fl`, `created_at`, `idetails`, `iorder`, `iproduct`, `refunded_at`, `updated_at`) VALUES (4, 39900, 159600, 0, '2024-02-01 14:31:24.000000', 177, 100095, 48, NULL, '2024-02-01 14:53:42.000000');
INSERT INTO `t_order_details` (`product_cnt`, `product_price`, `product_total_price`, `refund_fl`, `created_at`, `idetails`, `iorder`, `iproduct`, `refunded_at`, `updated_at`) VALUES (4, 34000, 136000, 0, '2024-02-01 14:31:24.000000', 378, 100095, 55, NULL, '2024-02-01 14:53:42.000000');
INSERT INTO `t_order_details` (`product_cnt`, `product_price`, `product_total_price`, `refund_fl`, `created_at`, `idetails`, `iorder`, `iproduct`, `refunded_at`, `updated_at`) VALUES (5, 37000, 185000, 0, '2024-02-01 14:31:24.000000', 347, 100095, 49, NULL, '2024-02-01 14:53:42.000000');
INSERT INTO `t_order_details` (`product_cnt`, `product_price`, `product_total_price`, `refund_fl`, `created_at`, `idetails`, `iorder`, `iproduct`, `refunded_at`, `updated_at`) VALUES (5, 18200, 91000, 0, '2024-02-01 14:31:24.000000', 235, 100096, 56, NULL, '2024-02-01 14:53:42.000000');
INSERT INTO `t_order_details` (`product_cnt`, `product_price`, `product_total_price`, `refund_fl`, `created_at`, `idetails`, `iorder`, `iproduct`, `refunded_at`, `updated_at`) VALUES (2, 18200, 36400, 0, '2024-02-01 14:31:24.000000', 281, 100099, 56, NULL, '2024-02-01 14:52:19.000000');
INSERT INTO `t_order_details` (`product_cnt`, `product_price`, `product_total_price`, `refund_fl`, `created_at`, `idetails`, `iorder`, `iproduct`, `refunded_at`, `updated_at`) VALUES (5, 37000, 185000, 0, '2024-02-01 14:31:24.000000', 188, 100099, 49, NULL, '2024-02-01 14:53:42.000000');
INSERT INTO `t_order_details` (`product_cnt`, `product_price`, `product_total_price`, `refund_fl`, `created_at`, `idetails`, `iorder`, `iproduct`, `refunded_at`, `updated_at`) VALUES (4, 50000, 200000, 0, '2024-02-01 14:31:24.000000', 119, 100099, 52, NULL, '2024-02-01 14:53:42.000000');
INSERT INTO `t_order_details` (`product_cnt`, `product_price`, `product_total_price`, `refund_fl`, `created_at`, `idetails`, `iorder`, `iproduct`, `refunded_at`, `updated_at`) VALUES (6, 34000, 204000, 0, '2024-02-01 14:31:24.000000', 225, 100100, 55, NULL, '2024-02-01 14:53:42.000000');
INSERT INTO `t_order_details` (`product_cnt`, `product_price`, `product_total_price`, `refund_fl`, `created_at`, `idetails`, `iorder`, `iproduct`, `refunded_at`, `updated_at`) VALUES (4, 10000, 40000, 0, '2024-02-01 14:31:24.000000', 365, 100100, 51, NULL, '2024-02-01 14:53:42.000000');
INSERT INTO `t_order_details` (`product_cnt`, `product_price`, `product_total_price`, `refund_fl`, `created_at`, `idetails`, `iorder`, `iproduct`, `refunded_at`, `updated_at`) VALUES (3, 13000, 39000, 0, '2024-02-01 14:31:24.000000', 330, 100100, 57, NULL, '2024-02-01 14:53:42.000000');
INSERT INTO `t_order_details` (`product_cnt`, `product_price`, `product_total_price`, `refund_fl`, `created_at`, `idetails`, `iorder`, `iproduct`, `refunded_at`, `updated_at`) VALUES (5, 15000, 75000, 0, '2024-02-01 14:31:24.000000', 374, 100101, 50, NULL, '2024-02-01 14:53:42.000000');
INSERT INTO `t_order_details` (`product_cnt`, `product_price`, `product_total_price`, `refund_fl`, `created_at`, `idetails`, `iorder`, `iproduct`, `refunded_at`, `updated_at`) VALUES (6, 15000, 90000, 0, '2024-02-01 14:31:24.000000', 186, 100102, 50, NULL, '2024-02-01 14:53:42.000000');
INSERT INTO `t_order_details` (`product_cnt`, `product_price`, `product_total_price`, `refund_fl`, `created_at`, `idetails`, `iorder`, `iproduct`, `refunded_at`, `updated_at`) VALUES (1, 18200, 18200, 0, '2024-02-01 14:31:24.000000', 126, 100102, 54, NULL, '2024-02-01 14:53:42.000000');
INSERT INTO `t_order_details` (`product_cnt`, `product_price`, `product_total_price`, `refund_fl`, `created_at`, `idetails`, `iorder`, `iproduct`, `refunded_at`, `updated_at`) VALUES (1, 13000, 13000, 0, '2024-02-01 14:31:24.000000', 166, 100102, 57, NULL, '2024-02-01 14:53:42.000000');
INSERT INTO `t_order_details` (`product_cnt`, `product_price`, `product_total_price`, `refund_fl`, `created_at`, `idetails`, `iorder`, `iproduct`, `refunded_at`, `updated_at`) VALUES (3, 29900, 89700, 0, '2024-02-01 14:31:24.000000', 369, 100102, 47, NULL, '2024-02-01 14:52:19.000000');
INSERT INTO `t_order_details` (`product_cnt`, `product_price`, `product_total_price`, `refund_fl`, `created_at`, `idetails`, `iorder`, `iproduct`, `refunded_at`, `updated_at`) VALUES (4, 34000, 136000, 0, '2024-02-01 14:31:24.000000', 163, 100103, 55, NULL, '2024-02-01 14:53:42.000000');
INSERT INTO `t_order_details` (`product_cnt`, `product_price`, `product_total_price`, `refund_fl`, `created_at`, `idetails`, `iorder`, `iproduct`, `refunded_at`, `updated_at`) VALUES (5, 37000, 185000, 0, '2024-02-01 14:31:24.000000', 397, 100103, 49, NULL, '2024-02-01 14:53:42.000000');
INSERT INTO `t_order_details` (`product_cnt`, `product_price`, `product_total_price`, `refund_fl`, `created_at`, `idetails`, `iorder`, `iproduct`, `refunded_at`, `updated_at`) VALUES (2, 29900, 59800, 0, '2024-02-01 14:31:24.000000', 272, 100103, 47, NULL, '2024-02-01 14:53:42.000000');
INSERT INTO `t_order_details` (`product_cnt`, `product_price`, `product_total_price`, `refund_fl`, `created_at`, `idetails`, `iorder`, `iproduct`, `refunded_at`, `updated_at`) VALUES (4, 18200, 72800, 0, '2024-02-01 14:31:24.000000', 129, 100103, 56, NULL, '2024-02-01 14:53:42.000000');
INSERT INTO `t_order_details` (`product_cnt`, `product_price`, `product_total_price`, `refund_fl`, `created_at`, `idetails`, `iorder`, `iproduct`, `refunded_at`, `updated_at`) VALUES (5, 18200, 91000, 0, '2024-02-01 14:31:24.000000', 151, 100105, 54, NULL, '2024-02-01 14:53:42.000000');
INSERT INTO `t_order_details` (`product_cnt`, `product_price`, `product_total_price`, `refund_fl`, `created_at`, `idetails`, `iorder`, `iproduct`, `refunded_at`, `updated_at`) VALUES (6, 28000, 168000, 0, '2024-02-01 14:31:24.000000', 234, 100105, 58, NULL, '2024-02-01 14:53:42.000000');
INSERT INTO `t_order_details` (`product_cnt`, `product_price`, `product_total_price`, `refund_fl`, `created_at`, `idetails`, `iorder`, `iproduct`, `refunded_at`, `updated_at`) VALUES (6, 13000, 78000, 0, '2024-02-01 14:31:24.000000', 207, 100105, 57, NULL, '2024-02-01 14:53:42.000000');
INSERT INTO `t_order_details` (`product_cnt`, `product_price`, `product_total_price`, `refund_fl`, `created_at`, `idetails`, `iorder`, `iproduct`, `refunded_at`, `updated_at`) VALUES (4, 10000, 40000, 0, '2024-02-01 14:31:24.000000', 363, 100106, 51, NULL, '2024-02-01 14:53:42.000000');
INSERT INTO `t_order_details` (`product_cnt`, `product_price`, `product_total_price`, `refund_fl`, `created_at`, `idetails`, `iorder`, `iproduct`, `refunded_at`, `updated_at`) VALUES (5, 34000, 170000, 0, '2024-02-01 14:31:24.000000', 412, 100106, 55, NULL, '2024-02-01 14:53:42.000000');
INSERT INTO `t_order_details` (`product_cnt`, `product_price`, `product_total_price`, `refund_fl`, `created_at`, `idetails`, `iorder`, `iproduct`, `refunded_at`, `updated_at`) VALUES (1, 13000, 13000, 0, '2024-02-01 14:31:24.000000', 325, 100107, 57, NULL, '2024-02-01 14:53:42.000000');
INSERT INTO `t_order_details` (`product_cnt`, `product_price`, `product_total_price`, `refund_fl`, `created_at`, `idetails`, `iorder`, `iproduct`, `refunded_at`, `updated_at`) VALUES (2, 50000, 100000, 0, '2024-02-01 14:31:24.000000', 343, 100107, 52, NULL, '2024-02-01 14:53:42.000000');
INSERT INTO `t_order_details` (`product_cnt`, `product_price`, `product_total_price`, `refund_fl`, `created_at`, `idetails`, `iorder`, `iproduct`, `refunded_at`, `updated_at`) VALUES (5, 18200, 91000, 0, '2024-02-01 14:31:24.000000', 169, 100108, 56, NULL, '2024-02-01 14:53:42.000000');
INSERT INTO `t_order_details` (`product_cnt`, `product_price`, `product_total_price`, `refund_fl`, `created_at`, `idetails`, `iorder`, `iproduct`, `refunded_at`, `updated_at`) VALUES (4, 37000, 148000, 0, '2024-02-01 14:31:24.000000', 296, 100108, 49, NULL, '2024-02-01 14:53:42.000000');
INSERT INTO `t_order_details` (`product_cnt`, `product_price`, `product_total_price`, `refund_fl`, `created_at`, `idetails`, `iorder`, `iproduct`, `refunded_at`, `updated_at`) VALUES (4, 28000, 112000, 0, '2024-02-01 14:31:24.000000', 121, 100108, 58, NULL, '2024-02-01 14:53:42.000000');
INSERT INTO `t_order_details` (`product_cnt`, `product_price`, `product_total_price`, `refund_fl`, `created_at`, `idetails`, `iorder`, `iproduct`, `refunded_at`, `updated_at`) VALUES (2, 13000, 26000, 0, '2024-02-01 14:31:24.000000', 408, 100117, 57, NULL, '2024-02-01 14:53:42.000000');
INSERT INTO `t_order_details` (`product_cnt`, `product_price`, `product_total_price`, `refund_fl`, `created_at`, `idetails`, `iorder`, `iproduct`, `refunded_at`, `updated_at`) VALUES (5, 37000, 185000, 0, '2024-02-01 14:31:24.000000', 304, 100117, 49, NULL, '2024-02-01 14:53:42.000000');
INSERT INTO `t_order_details` (`product_cnt`, `product_price`, `product_total_price`, `refund_fl`, `created_at`, `idetails`, `iorder`, `iproduct`, `refunded_at`, `updated_at`) VALUES (4, 19800, 79200, 0, '2024-02-01 14:31:24.000000', 344, 100117, 53, NULL, '2024-02-01 14:53:42.000000');
INSERT INTO `t_order_details` (`product_cnt`, `product_price`, `product_total_price`, `refund_fl`, `created_at`, `idetails`, `iorder`, `iproduct`, `refunded_at`, `updated_at`) VALUES (4, 18200, 72800, 0, '2024-02-01 14:31:24.000000', 155, 100118, 54, NULL, '2024-02-01 14:53:42.000000');
INSERT INTO `t_order_details` (`product_cnt`, `product_price`, `product_total_price`, `refund_fl`, `created_at`, `idetails`, `iorder`, `iproduct`, `refunded_at`, `updated_at`) VALUES (5, 15000, 75000, 0, '2024-02-01 14:31:24.000000', 221, 100118, 50, NULL, '2024-02-01 14:53:42.000000');
INSERT INTO `t_order_details` (`product_cnt`, `product_price`, `product_total_price`, `refund_fl`, `created_at`, `idetails`, `iorder`, `iproduct`, `refunded_at`, `updated_at`) VALUES (6, 19800, 118800, 0, '2024-02-01 14:31:24.000000', 170, 100119, 53, NULL, '2024-02-01 14:53:42.000000');
INSERT INTO `t_order_details` (`product_cnt`, `product_price`, `product_total_price`, `refund_fl`, `created_at`, `idetails`, `iorder`, `iproduct`, `refunded_at`, `updated_at`) VALUES (2, 37000, 74000, 0, '2024-02-01 14:31:24.000000', 431, 100120, 49, NULL, '2024-02-01 14:53:42.000000');
INSERT INTO `t_order_details` (`product_cnt`, `product_price`, `product_total_price`, `refund_fl`, `created_at`, `idetails`, `iorder`, `iproduct`, `refunded_at`, `updated_at`) VALUES (5, 15000, 75000, 0, '2024-02-01 14:31:24.000000', 329, 100120, 50, NULL, '2024-02-01 14:52:19.000000');
INSERT INTO `t_order_details` (`product_cnt`, `product_price`, `product_total_price`, `refund_fl`, `created_at`, `idetails`, `iorder`, `iproduct`, `refunded_at`, `updated_at`) VALUES (5, 19800, 99000, 0, '2024-02-01 14:31:24.000000', 447, 100121, 53, NULL, '2024-02-01 14:53:42.000000');
INSERT INTO `t_order_details` (`product_cnt`, `product_price`, `product_total_price`, `refund_fl`, `created_at`, `idetails`, `iorder`, `iproduct`, `refunded_at`, `updated_at`) VALUES (4, 13000, 52000, 0, '2024-02-01 14:31:24.000000', 334, 100121, 57, NULL, '2024-02-01 14:53:42.000000');
INSERT INTO `t_order_details` (`product_cnt`, `product_price`, `product_total_price`, `refund_fl`, `created_at`, `idetails`, `iorder`, `iproduct`, `refunded_at`, `updated_at`) VALUES (5, 15000, 75000, 0, '2024-02-01 14:31:24.000000', 337, 100123, 50, NULL, '2024-02-01 14:53:42.000000');
INSERT INTO `t_order_details` (`product_cnt`, `product_price`, `product_total_price`, `refund_fl`, `created_at`, `idetails`, `iorder`, `iproduct`, `refunded_at`, `updated_at`) VALUES (4, 50000, 200000, 0, '2024-02-01 14:31:24.000000', 346, 100123, 52, NULL, '2024-02-01 14:53:42.000000');
INSERT INTO `t_order_details` (`product_cnt`, `product_price`, `product_total_price`, `refund_fl`, `created_at`, `idetails`, `iorder`, `iproduct`, `refunded_at`, `updated_at`) VALUES (5, 10000, 50000, 0, '2024-02-01 14:31:24.000000', 398, 100123, 51, NULL, '2024-02-01 14:52:19.000000');
INSERT INTO `t_order_details` (`product_cnt`, `product_price`, `product_total_price`, `refund_fl`, `created_at`, `idetails`, `iorder`, `iproduct`, `refunded_at`, `updated_at`) VALUES (6, 28000, 168000, 0, '2024-02-01 14:31:24.000000', 425, 100124, 58, NULL, '2024-02-01 14:53:42.000000');
INSERT INTO `t_order_details` (`product_cnt`, `product_price`, `product_total_price`, `refund_fl`, `created_at`, `idetails`, `iorder`, `iproduct`, `refunded_at`, `updated_at`) VALUES (5, 37000, 185000, 0, '2024-02-01 14:31:24.000000', 384, 100124, 49, NULL, '2024-02-01 14:53:42.000000');
INSERT INTO `t_order_details` (`product_cnt`, `product_price`, `product_total_price`, `refund_fl`, `created_at`, `idetails`, `iorder`, `iproduct`, `refunded_at`, `updated_at`) VALUES (4, 18200, 72800, 0, '2024-02-01 14:31:24.000000', 359, 100124, 56, NULL, '2024-02-01 14:53:42.000000');
INSERT INTO `t_order_details` (`product_cnt`, `product_price`, `product_total_price`, `refund_fl`, `created_at`, `idetails`, `iorder`, `iproduct`, `refunded_at`, `updated_at`) VALUES (1, 19800, 19800, 0, '2024-02-01 14:31:24.000000', 176, 100125, 53, NULL, '2024-02-01 14:53:42.000000');
INSERT INTO `t_order_details` (`product_cnt`, `product_price`, `product_total_price`, `refund_fl`, `created_at`, `idetails`, `iorder`, `iproduct`, `refunded_at`, `updated_at`) VALUES (2, 10000, 20000, 0, '2024-02-01 14:31:24.000000', 216, 100125, 51, NULL, '2024-02-01 14:53:42.000000');
INSERT INTO `t_order_details` (`product_cnt`, `product_price`, `product_total_price`, `refund_fl`, `created_at`, `idetails`, `iorder`, `iproduct`, `refunded_at`, `updated_at`) VALUES (4, 18200, 72800, 0, '2024-02-01 14:31:24.000000', 449, 100125, 54, NULL, '2024-02-01 14:53:42.000000');
INSERT INTO `t_order_details` (`product_cnt`, `product_price`, `product_total_price`, `refund_fl`, `created_at`, `idetails`, `iorder`, `iproduct`, `refunded_at`, `updated_at`) VALUES (4, 29900, 119600, 0, '2024-02-01 14:31:24.000000', 263, 100126, 47, NULL, '2024-02-01 14:53:42.000000');
INSERT INTO `t_order_details` (`product_cnt`, `product_price`, `product_total_price`, `refund_fl`, `created_at`, `idetails`, `iorder`, `iproduct`, `refunded_at`, `updated_at`) VALUES (2, 18200, 36400, 0, '2024-02-01 14:31:24.000000', 402, 100127, 56, NULL, '2024-02-01 14:53:42.000000');
INSERT INTO `t_order_details` (`product_cnt`, `product_price`, `product_total_price`, `refund_fl`, `created_at`, `idetails`, `iorder`, `iproduct`, `refunded_at`, `updated_at`) VALUES (4, 13000, 52000, 0, '2024-02-01 14:31:24.000000', 340, 100127, 57, NULL, '2024-02-01 14:52:19.000000');
INSERT INTO `t_order_details` (`product_cnt`, `product_price`, `product_total_price`, `refund_fl`, `created_at`, `idetails`, `iorder`, `iproduct`, `refunded_at`, `updated_at`) VALUES (2, 34000, 68000, 0, '2024-02-01 14:31:24.000000', 310, 100127, 55, NULL, '2024-02-01 14:53:42.000000');
INSERT INTO `t_order_details` (`product_cnt`, `product_price`, `product_total_price`, `refund_fl`, `created_at`, `idetails`, `iorder`, `iproduct`, `refunded_at`, `updated_at`) VALUES (6, 15000, 90000, 0, '2024-02-01 14:31:24.000000', 187, 100127, 50, NULL, '2024-02-01 14:53:42.000000');
INSERT INTO `t_order_details` (`product_cnt`, `product_price`, `product_total_price`, `refund_fl`, `created_at`, `idetails`, `iorder`, `iproduct`, `refunded_at`, `updated_at`) VALUES (6, 19800, 118800, 0, '2024-02-01 14:31:24.000000', 160, 100129, 53, NULL, '2024-02-01 14:53:42.000000');
INSERT INTO `t_order_details` (`product_cnt`, `product_price`, `product_total_price`, `refund_fl`, `created_at`, `idetails`, `iorder`, `iproduct`, `refunded_at`, `updated_at`) VALUES (4, 28000, 112000, 0, '2024-02-01 14:31:24.000000', 372, 100129, 58, NULL, '2024-02-01 14:53:42.000000');
INSERT INTO `t_order_details` (`product_cnt`, `product_price`, `product_total_price`, `refund_fl`, `created_at`, `idetails`, `iorder`, `iproduct`, `refunded_at`, `updated_at`) VALUES (6, 37000, 222000, 0, '2024-02-01 14:31:24.000000', 275, 100129, 49, NULL, '2024-02-01 14:53:42.000000');
INSERT INTO `t_order_details` (`product_cnt`, `product_price`, `product_total_price`, `refund_fl`, `created_at`, `idetails`, `iorder`, `iproduct`, `refunded_at`, `updated_at`) VALUES (4, 39900, 159600, 0, '2024-02-01 14:31:24.000000', 190, 100129, 48, NULL, '2024-02-01 14:53:42.000000');
INSERT INTO `t_order_details` (`product_cnt`, `product_price`, `product_total_price`, `refund_fl`, `created_at`, `idetails`, `iorder`, `iproduct`, `refunded_at`, `updated_at`) VALUES (5, 39900, 199500, 0, '2024-02-01 14:31:24.000000', 446, 100130, 48, NULL, '2024-02-01 14:53:42.000000');
INSERT INTO `t_order_details` (`product_cnt`, `product_price`, `product_total_price`, `refund_fl`, `created_at`, `idetails`, `iorder`, `iproduct`, `refunded_at`, `updated_at`) VALUES (4, 15000, 60000, 0, '2024-02-01 14:31:24.000000', 200, 100130, 50, NULL, '2024-02-01 14:53:42.000000');
INSERT INTO `t_order_details` (`product_cnt`, `product_price`, `product_total_price`, `refund_fl`, `created_at`, `idetails`, `iorder`, `iproduct`, `refunded_at`, `updated_at`) VALUES (4, 18200, 72800, 0, '2024-02-01 14:31:24.000000', 439, 100130, 56, NULL, '2024-02-01 14:53:42.000000');
INSERT INTO `t_order_details` (`product_cnt`, `product_price`, `product_total_price`, `refund_fl`, `created_at`, `idetails`, `iorder`, `iproduct`, `refunded_at`, `updated_at`) VALUES (4, 29900, 119600, 0, '2024-02-01 14:31:24.000000', 268, 100131, 47, NULL, '2024-02-01 14:53:42.000000');
INSERT INTO `t_order_details` (`product_cnt`, `product_price`, `product_total_price`, `refund_fl`, `created_at`, `idetails`, `iorder`, `iproduct`, `refunded_at`, `updated_at`) VALUES (4, 13000, 52000, 0, '2024-02-01 14:31:24.000000', 266, 100131, 57, NULL, '2024-02-01 14:53:42.000000');
INSERT INTO `t_order_details` (`product_cnt`, `product_price`, `product_total_price`, `refund_fl`, `created_at`, `idetails`, `iorder`, `iproduct`, `refunded_at`, `updated_at`) VALUES (5, 10000, 50000, 0, '2024-02-01 14:31:24.000000', 259, 100131, 51, NULL, '2024-02-01 14:53:42.000000');
INSERT INTO `t_order_details` (`product_cnt`, `product_price`, `product_total_price`, `refund_fl`, `created_at`, `idetails`, `iorder`, `iproduct`, `refunded_at`, `updated_at`) VALUES (3, 34000, 102000, 0, '2024-02-01 14:31:24.000000', 233, 100132, 55, NULL, '2024-02-01 14:52:19.000000');
INSERT INTO `t_order_details` (`product_cnt`, `product_price`, `product_total_price`, `refund_fl`, `created_at`, `idetails`, `iorder`, `iproduct`, `refunded_at`, `updated_at`) VALUES (6, 18200, 109200, 0, '2024-02-01 14:31:24.000000', 251, 100132, 56, NULL, '2024-02-01 14:53:42.000000');
INSERT INTO `t_order_details` (`product_cnt`, `product_price`, `product_total_price`, `refund_fl`, `created_at`, `idetails`, `iorder`, `iproduct`, `refunded_at`, `updated_at`) VALUES (6, 19800, 118800, 0, '2024-02-01 14:31:24.000000', 217, 100132, 53, NULL, '2024-02-01 14:53:42.000000');
INSERT INTO `t_order_details` (`product_cnt`, `product_price`, `product_total_price`, `refund_fl`, `created_at`, `idetails`, `iorder`, `iproduct`, `refunded_at`, `updated_at`) VALUES (4, 28000, 112000, 0, '2024-02-01 14:31:24.000000', 173, 100134, 58, NULL, '2024-02-01 14:53:42.000000');
INSERT INTO `t_order_details` (`product_cnt`, `product_price`, `product_total_price`, `refund_fl`, `created_at`, `idetails`, `iorder`, `iproduct`, `refunded_at`, `updated_at`) VALUES (4, 29900, 119600, 0, '2024-02-01 14:31:24.000000', 201, 100134, 47, NULL, '2024-02-01 14:53:42.000000');
INSERT INTO `t_order_details` (`product_cnt`, `product_price`, `product_total_price`, `refund_fl`, `created_at`, `idetails`, `iorder`, `iproduct`, `refunded_at`, `updated_at`) VALUES (1, 10000, 10000, 0, '2024-02-01 14:31:24.000000', 165, 100135, 51, NULL, '2024-02-01 14:52:19.000000');
INSERT INTO `t_order_details` (`product_cnt`, `product_price`, `product_total_price`, `refund_fl`, `created_at`, `idetails`, `iorder`, `iproduct`, `refunded_at`, `updated_at`) VALUES (6, 34000, 204000, 0, '2024-02-01 14:31:24.000000', 360, 100135, 55, NULL, '2024-02-01 14:53:42.000000');
INSERT INTO `t_order_details` (`product_cnt`, `product_price`, `product_total_price`, `refund_fl`, `created_at`, `idetails`, `iorder`, `iproduct`, `refunded_at`, `updated_at`) VALUES (2, 18200, 36400, 0, '2024-02-01 14:31:24.000000', 226, 100137, 54, NULL, '2024-02-01 14:53:42.000000');
INSERT INTO `t_order_details` (`product_cnt`, `product_price`, `product_total_price`, `refund_fl`, `created_at`, `idetails`, `iorder`, `iproduct`, `refunded_at`, `updated_at`) VALUES (1, 34000, 34000, 1, '2024-02-01 14:31:24.000000', 117, 100137, 55, NULL, '2024-02-01 14:53:42.000000');
INSERT INTO `t_order_details` (`product_cnt`, `product_price`, `product_total_price`, `refund_fl`, `created_at`, `idetails`, `iorder`, `iproduct`, `refunded_at`, `updated_at`) VALUES (1, 32900, 32900, 0, '2024-02-01 17:56:02.000000', 461, 100151, 65, NULL, '2024-02-01 20:14:48.000000');
INSERT INTO `t_order_details` (`product_cnt`, `product_price`, `product_total_price`, `refund_fl`, `created_at`, `idetails`, `iorder`, `iproduct`, `refunded_at`, `updated_at`) VALUES (4, 37000, 148000, 0, '2024-02-02 14:31:24.000000', 138, 100098, 49, NULL, '2024-02-01 14:53:42.000000');
INSERT INTO `t_order_details` (`product_cnt`, `product_price`, `product_total_price`, `refund_fl`, `created_at`, `idetails`, `iorder`, `iproduct`, `refunded_at`, `updated_at`) VALUES (4, 15000, 60000, 0, '2024-02-02 14:31:24.000000', 388, 100098, 50, NULL, '2024-02-01 14:53:42.000000');
INSERT INTO `t_order_details` (`product_cnt`, `product_price`, `product_total_price`, `refund_fl`, `created_at`, `idetails`, `iorder`, `iproduct`, `refunded_at`, `updated_at`) VALUES (3, 18200, 54600, 0, '2024-02-02 14:31:24.000000', 434, 100098, 54, NULL, '2024-02-01 14:53:42.000000');
INSERT INTO `t_order_details` (`product_cnt`, `product_price`, `product_total_price`, `refund_fl`, `created_at`, `idetails`, `iorder`, `iproduct`, `refunded_at`, `updated_at`) VALUES (4, 29900, 119600, 0, '2024-02-02 14:31:24.000000', 147, 100098, 47, NULL, '2024-02-01 14:53:42.000000');
INSERT INTO `t_order_details` (`product_cnt`, `product_price`, `product_total_price`, `refund_fl`, `created_at`, `idetails`, `iorder`, `iproduct`, `refunded_at`, `updated_at`) VALUES (2, 19800, 39600, 0, '2024-02-02 14:31:24.000000', 269, 100098, 53, NULL, '2024-02-01 14:53:42.000000');
INSERT INTO `t_order_details` (`product_cnt`, `product_price`, `product_total_price`, `refund_fl`, `created_at`, `idetails`, `iorder`, `iproduct`, `refunded_at`, `updated_at`) VALUES (3, 13000, 39000, 0, '2024-02-03 14:30:03.000000', 430, 100032, 57, NULL, '2024-02-01 14:53:42.000000');
INSERT INTO `t_order_details` (`product_cnt`, `product_price`, `product_total_price`, `refund_fl`, `created_at`, `idetails`, `iorder`, `iproduct`, `refunded_at`, `updated_at`) VALUES (5, 18200, 91000, 0, '2024-02-03 14:30:03.000000', 159, 100032, 54, NULL, '2024-02-01 14:53:42.000000');
INSERT INTO `t_order_details` (`product_cnt`, `product_price`, `product_total_price`, `refund_fl`, `created_at`, `idetails`, `iorder`, `iproduct`, `refunded_at`, `updated_at`) VALUES (5, 37000, 185000, 0, '2024-02-03 14:30:03.000000', 134, 100033, 49, NULL, '2024-02-01 14:53:42.000000');
INSERT INTO `t_order_details` (`product_cnt`, `product_price`, `product_total_price`, `refund_fl`, `created_at`, `idetails`, `iorder`, `iproduct`, `refunded_at`, `updated_at`) VALUES (2, 39900, 79800, 0, '2024-02-03 14:31:24.000000', 171, 100133, 48, NULL, '2024-02-01 14:56:34.000000');
INSERT INTO `t_order_details` (`product_cnt`, `product_price`, `product_total_price`, `refund_fl`, `created_at`, `idetails`, `iorder`, `iproduct`, `refunded_at`, `updated_at`) VALUES (5, 29900, 149500, 0, '2024-02-04 14:30:53.000000', 156, 100035, 47, NULL, '2024-02-01 14:53:42.000000');
INSERT INTO `t_order_details` (`product_cnt`, `product_price`, `product_total_price`, `refund_fl`, `created_at`, `idetails`, `iorder`, `iproduct`, `refunded_at`, `updated_at`) VALUES (6, 50000, 300000, 0, '2024-02-04 14:30:53.000000', 409, 100035, 52, NULL, '2024-02-01 14:53:42.000000');
INSERT INTO `t_order_details` (`product_cnt`, `product_price`, `product_total_price`, `refund_fl`, `created_at`, `idetails`, `iorder`, `iproduct`, `refunded_at`, `updated_at`) VALUES (4, 10000, 40000, 0, '2024-02-04 14:30:53.000000', 131, 100035, 51, NULL, '2024-02-01 14:53:42.000000');
INSERT INTO `t_order_details` (`product_cnt`, `product_price`, `product_total_price`, `refund_fl`, `created_at`, `idetails`, `iorder`, `iproduct`, `refunded_at`, `updated_at`) VALUES (4, 18200, 72800, 0, '2024-02-04 14:30:53.000000', 182, 100035, 56, NULL, '2024-02-01 14:53:42.000000');
INSERT INTO `t_order_details` (`product_cnt`, `product_price`, `product_total_price`, `refund_fl`, `created_at`, `idetails`, `iorder`, `iproduct`, `refunded_at`, `updated_at`) VALUES (4, 34000, 136000, 0, '2024-02-04 14:30:53.000000', 350, 100035, 55, NULL, '2024-02-01 14:53:42.000000');
INSERT INTO `t_order_details` (`product_cnt`, `product_price`, `product_total_price`, `refund_fl`, `created_at`, `idetails`, `iorder`, `iproduct`, `refunded_at`, `updated_at`) VALUES (4, 19800, 79200, 0, '2024-02-04 14:30:53.000000', 123, 100035, 53, NULL, '2024-02-01 14:52:19.000000');
INSERT INTO `t_order_details` (`product_cnt`, `product_price`, `product_total_price`, `refund_fl`, `created_at`, `idetails`, `iorder`, `iproduct`, `refunded_at`, `updated_at`) VALUES (2, 10000, 20000, 0, '2024-02-05 14:30:53.000000', 265, 100037, 51, NULL, '2024-02-01 14:53:42.000000');
INSERT INTO `t_order_details` (`product_cnt`, `product_price`, `product_total_price`, `refund_fl`, `created_at`, `idetails`, `iorder`, `iproduct`, `refunded_at`, `updated_at`) VALUES (5, 28000, 140000, 0, '2024-02-05 14:30:53.000000', 262, 100037, 58, NULL, '2024-02-01 14:53:42.000000');
INSERT INTO `t_order_details` (`product_cnt`, `product_price`, `product_total_price`, `refund_fl`, `created_at`, `idetails`, `iorder`, `iproduct`, `refunded_at`, `updated_at`) VALUES (1, 34000, 34000, 0, '2024-02-06 14:31:23.000000', 205, 100038, 55, NULL, '2024-02-01 14:53:42.000000');
INSERT INTO `t_order_details` (`product_cnt`, `product_price`, `product_total_price`, `refund_fl`, `created_at`, `idetails`, `iorder`, `iproduct`, `refunded_at`, `updated_at`) VALUES (5, 19800, 99000, 0, '2024-02-06 14:31:23.000000', 299, 100038, 53, NULL, '2024-02-01 14:53:42.000000');
INSERT INTO `t_order_details` (`product_cnt`, `product_price`, `product_total_price`, `refund_fl`, `created_at`, `idetails`, `iorder`, `iproduct`, `refunded_at`, `updated_at`) VALUES (4, 37000, 148000, 0, '2024-02-06 14:31:23.000000', 306, 100038, 49, NULL, '2024-02-01 14:52:19.000000');
INSERT INTO `t_order_details` (`product_cnt`, `product_price`, `product_total_price`, `refund_fl`, `created_at`, `idetails`, `iorder`, `iproduct`, `refunded_at`, `updated_at`) VALUES (4, 10000, 40000, 0, '2024-02-06 14:31:23.000000', 277, 100038, 51, NULL, '2024-02-01 14:53:42.000000');
INSERT INTO `t_order_details` (`product_cnt`, `product_price`, `product_total_price`, `refund_fl`, `created_at`, `idetails`, `iorder`, `iproduct`, `refunded_at`, `updated_at`) VALUES (4, 29900, 119600, 0, '2024-02-11 14:30:03.000000', 215, 100029, 47, NULL, '2024-02-01 14:53:42.000000');
INSERT INTO `t_order_details` (`product_cnt`, `product_price`, `product_total_price`, `refund_fl`, `created_at`, `idetails`, `iorder`, `iproduct`, `refunded_at`, `updated_at`) VALUES (6, 18200, 109200, 0, '2024-02-11 14:30:03.000000', 183, 100031, 54, NULL, '2024-02-01 14:53:42.000000');
INSERT INTO `t_order_details` (`product_cnt`, `product_price`, `product_total_price`, `refund_fl`, `created_at`, `idetails`, `iorder`, `iproduct`, `refunded_at`, `updated_at`) VALUES (5, 37000, 185000, 0, '2024-02-11 14:30:03.000000', 416, 100031, 49, NULL, '2024-02-01 14:53:42.000000');
INSERT INTO `t_order_details` (`product_cnt`, `product_price`, `product_total_price`, `refund_fl`, `created_at`, `idetails`, `iorder`, `iproduct`, `refunded_at`, `updated_at`) VALUES (4, 29900, 119600, 0, '2024-02-11 14:30:03.000000', 202, 100031, 47, NULL, '2024-02-01 14:53:42.000000');
INSERT INTO `t_order_details` (`product_cnt`, `product_price`, `product_total_price`, `refund_fl`, `created_at`, `idetails`, `iorder`, `iproduct`, `refunded_at`, `updated_at`) VALUES (4, 19800, 79200, 0, '2024-02-11 14:30:03.000000', 150, 100031, 53, NULL, '2024-02-01 14:53:42.000000');
INSERT INTO `t_order_details` (`product_cnt`, `product_price`, `product_total_price`, `refund_fl`, `created_at`, `idetails`, `iorder`, `iproduct`, `refunded_at`, `updated_at`) VALUES (5, 18200, 91000, 0, '2024-02-21 14:30:03.000000', 148, 100030, 56, NULL, '2024-02-01 14:53:42.000000');
INSERT INTO `t_order_details` (`product_cnt`, `product_price`, `product_total_price`, `refund_fl`, `created_at`, `idetails`, `iorder`, `iproduct`, `refunded_at`, `updated_at`) VALUES (5, 34000, 170000, 0, '2024-02-21 14:30:03.000000', 203, 100030, 55, NULL, '2024-02-01 14:53:42.000000');
INSERT INTO `t_order_details` (`product_cnt`, `product_price`, `product_total_price`, `refund_fl`, `created_at`, `idetails`, `iorder`, `iproduct`, `refunded_at`, `updated_at`) VALUES (5, 29900, 149500, 0, '2024-03-01 14:31:23.000000', 442, 100045, 47, NULL, '2024-02-01 14:53:42.000000');
INSERT INTO `t_order_details` (`product_cnt`, `product_price`, `product_total_price`, `refund_fl`, `created_at`, `idetails`, `iorder`, `iproduct`, `refunded_at`, `updated_at`) VALUES (4, 18200, 72800, 0, '2024-03-01 14:31:23.000000', 154, 100045, 54, NULL, '2024-02-01 14:53:42.000000');
INSERT INTO `t_order_details` (`product_cnt`, `product_price`, `product_total_price`, `refund_fl`, `created_at`, `idetails`, `iorder`, `iproduct`, `refunded_at`, `updated_at`) VALUES (5, 28000, 140000, 0, '2024-03-02 14:31:23.000000', 231, 100053, 58, NULL, '2024-02-01 14:53:42.000000');
INSERT INTO `t_order_details` (`product_cnt`, `product_price`, `product_total_price`, `refund_fl`, `created_at`, `idetails`, `iorder`, `iproduct`, `refunded_at`, `updated_at`) VALUES (5, 13000, 65000, 0, '2024-04-01 14:31:23.000000', 385, 100046, 57, NULL, '2024-02-01 14:53:42.000000');
INSERT INTO `t_order_details` (`product_cnt`, `product_price`, `product_total_price`, `refund_fl`, `created_at`, `idetails`, `iorder`, `iproduct`, `refunded_at`, `updated_at`) VALUES (4, 18200, 72800, 0, '2024-04-01 14:31:23.000000', 435, 100052, 56, NULL, '2024-02-01 14:53:42.000000');
INSERT INTO `t_order_details` (`product_cnt`, `product_price`, `product_total_price`, `refund_fl`, `created_at`, `idetails`, `iorder`, `iproduct`, `refunded_at`, `updated_at`) VALUES (4, 50000, 200000, 0, '2024-04-17 14:31:24.000000', 252, 100078, 52, NULL, '2024-02-01 14:53:42.000000');
INSERT INTO `t_order_details` (`product_cnt`, `product_price`, `product_total_price`, `refund_fl`, `created_at`, `idetails`, `iorder`, `iproduct`, `refunded_at`, `updated_at`) VALUES (4, 39900, 159600, 0, '2024-04-17 14:31:24.000000', 305, 100078, 48, NULL, '2024-02-01 14:53:42.000000');
INSERT INTO `t_order_details` (`product_cnt`, `product_price`, `product_total_price`, `refund_fl`, `created_at`, `idetails`, `iorder`, `iproduct`, `refunded_at`, `updated_at`) VALUES (4, 19800, 79200, 0, '2024-04-17 14:31:24.000000', 314, 100078, 53, NULL, '2024-02-01 14:53:42.000000');
INSERT INTO `t_order_details` (`product_cnt`, `product_price`, `product_total_price`, `refund_fl`, `created_at`, `idetails`, `iorder`, `iproduct`, `refunded_at`, `updated_at`) VALUES (6, 13000, 78000, 0, '2024-04-17 14:31:24.000000', 289, 100078, 57, NULL, '2024-02-01 14:53:42.000000');
INSERT INTO `t_order_details` (`product_cnt`, `product_price`, `product_total_price`, `refund_fl`, `created_at`, `idetails`, `iorder`, `iproduct`, `refunded_at`, `updated_at`) VALUES (4, 15000, 60000, 0, '2024-04-17 14:31:24.000000', 448, 100078, 50, NULL, '2024-02-01 14:53:42.000000');
INSERT INTO `t_order_details` (`product_cnt`, `product_price`, `product_total_price`, `refund_fl`, `created_at`, `idetails`, `iorder`, `iproduct`, `refunded_at`, `updated_at`) VALUES (3, 37000, 111000, 0, '2024-04-17 14:31:24.000000', 195, 100078, 49, NULL, '2024-02-01 14:53:42.000000');
INSERT INTO `t_order_details` (`product_cnt`, `product_price`, `product_total_price`, `refund_fl`, `created_at`, `idetails`, `iorder`, `iproduct`, `refunded_at`, `updated_at`) VALUES (5, 39900, 199500, 0, '2024-04-21 14:31:24.000000', 208, 100074, 48, NULL, '2024-02-01 14:53:42.000000');
INSERT INTO `t_order_details` (`product_cnt`, `product_price`, `product_total_price`, `refund_fl`, `created_at`, `idetails`, `iorder`, `iproduct`, `refunded_at`, `updated_at`) VALUES (4, 10000, 40000, 0, '2024-04-21 14:31:24.000000', 278, 100074, 51, NULL, '2024-02-01 14:53:42.000000');
INSERT INTO `t_order_details` (`product_cnt`, `product_price`, `product_total_price`, `refund_fl`, `created_at`, `idetails`, `iorder`, `iproduct`, `refunded_at`, `updated_at`) VALUES (5, 18200, 91000, 0, '2024-04-21 14:31:24.000000', 214, 100075, 56, NULL, '2024-02-01 14:52:19.000000');
INSERT INTO `t_order_details` (`product_cnt`, `product_price`, `product_total_price`, `refund_fl`, `created_at`, `idetails`, `iorder`, `iproduct`, `refunded_at`, `updated_at`) VALUES (3, 18200, 54600, 0, '2024-04-21 14:31:24.000000', 349, 100075, 54, NULL, '2024-02-01 14:53:42.000000');
INSERT INTO `t_order_details` (`product_cnt`, `product_price`, `product_total_price`, `refund_fl`, `created_at`, `idetails`, `iorder`, `iproduct`, `refunded_at`, `updated_at`) VALUES (4, 18200, 72800, 0, '2024-04-21 14:31:24.000000', 212, 100076, 56, NULL, '2024-02-01 14:53:42.000000');
INSERT INTO `t_order_details` (`product_cnt`, `product_price`, `product_total_price`, `refund_fl`, `created_at`, `idetails`, `iorder`, `iproduct`, `refunded_at`, `updated_at`) VALUES (2, 39900, 79800, 0, '2024-04-21 14:31:24.000000', 209, 100076, 48, NULL, '2024-02-01 14:53:42.000000');
INSERT INTO `t_order_details` (`product_cnt`, `product_price`, `product_total_price`, `refund_fl`, `created_at`, `idetails`, `iorder`, `iproduct`, `refunded_at`, `updated_at`) VALUES (5, 15000, 75000, 0, '2024-04-21 14:31:24.000000', 172, 100076, 50, NULL, '2024-02-01 14:53:42.000000');
INSERT INTO `t_order_details` (`product_cnt`, `product_price`, `product_total_price`, `refund_fl`, `created_at`, `idetails`, `iorder`, `iproduct`, `refunded_at`, `updated_at`) VALUES (4, 50000, 200000, 0, '2024-04-21 14:31:24.000000', 149, 100076, 52, NULL, '2024-02-01 14:53:42.000000');
INSERT INTO `t_order_details` (`product_cnt`, `product_price`, `product_total_price`, `refund_fl`, `created_at`, `idetails`, `iorder`, `iproduct`, `refunded_at`, `updated_at`) VALUES (4, 34000, 136000, 0, '2024-04-21 14:31:24.000000', 135, 100077, 55, NULL, '2024-02-01 14:53:42.000000');
INSERT INTO `t_order_details` (`product_cnt`, `product_price`, `product_total_price`, `refund_fl`, `created_at`, `idetails`, `iorder`, `iproduct`, `refunded_at`, `updated_at`) VALUES (4, 18200, 72800, 0, '2024-04-21 14:31:24.000000', 423, 100077, 56, NULL, '2024-02-01 14:53:42.000000');
INSERT INTO `t_order_details` (`product_cnt`, `product_price`, `product_total_price`, `refund_fl`, `created_at`, `idetails`, `iorder`, `iproduct`, `refunded_at`, `updated_at`) VALUES (1, 15000, 15000, 0, '2024-04-21 14:31:24.000000', 178, 100077, 50, NULL, '2024-02-01 14:53:42.000000');
INSERT INTO `t_order_details` (`product_cnt`, `product_price`, `product_total_price`, `refund_fl`, `created_at`, `idetails`, `iorder`, `iproduct`, `refunded_at`, `updated_at`) VALUES (4, 37000, 148000, 0, '2024-04-21 14:31:24.000000', 373, 100077, 49, NULL, '2024-02-01 14:53:42.000000');
INSERT INTO `t_order_details` (`product_cnt`, `product_price`, `product_total_price`, `refund_fl`, `created_at`, `idetails`, `iorder`, `iproduct`, `refunded_at`, `updated_at`) VALUES (5, 37000, 185000, 0, '2024-05-01 14:31:23.000000', 413, 100047, 49, NULL, '2024-02-01 14:53:42.000000');
INSERT INTO `t_order_details` (`product_cnt`, `product_price`, `product_total_price`, `refund_fl`, `created_at`, `idetails`, `iorder`, `iproduct`, `refunded_at`, `updated_at`) VALUES (6, 18200, 109200, 0, '2024-05-01 14:31:23.000000', 210, 100047, 56, NULL, '2024-02-01 14:53:42.000000');
INSERT INTO `t_order_details` (`product_cnt`, `product_price`, `product_total_price`, `refund_fl`, `created_at`, `idetails`, `iorder`, `iproduct`, `refunded_at`, `updated_at`) VALUES (5, 13000, 65000, 0, '2024-05-01 14:31:23.000000', 383, 100047, 57, NULL, '2024-02-01 14:53:42.000000');
INSERT INTO `t_order_details` (`product_cnt`, `product_price`, `product_total_price`, `refund_fl`, `created_at`, `idetails`, `iorder`, `iproduct`, `refunded_at`, `updated_at`) VALUES (5, 29900, 149500, 0, '2024-05-01 14:31:23.000000', 339, 100047, 47, NULL, '2024-02-01 14:53:42.000000');
INSERT INTO `t_order_details` (`product_cnt`, `product_price`, `product_total_price`, `refund_fl`, `created_at`, `idetails`, `iorder`, `iproduct`, `refunded_at`, `updated_at`) VALUES (4, 13000, 52000, 0, '2024-05-01 14:31:23.000000', 436, 100051, 57, NULL, '2024-02-01 14:53:42.000000');
INSERT INTO `t_order_details` (`product_cnt`, `product_price`, `product_total_price`, `refund_fl`, `created_at`, `idetails`, `iorder`, `iproduct`, `refunded_at`, `updated_at`) VALUES (2, 18200, 36400, 0, '2024-05-01 14:31:23.000000', 441, 100051, 54, NULL, '2024-02-01 14:53:42.000000');
INSERT INTO `t_order_details` (`product_cnt`, `product_price`, `product_total_price`, `refund_fl`, `created_at`, `idetails`, `iorder`, `iproduct`, `refunded_at`, `updated_at`) VALUES (1, 37000, 37000, 0, '2024-05-01 14:31:23.000000', 392, 100051, 49, NULL, '2024-02-01 14:53:42.000000');
INSERT INTO `t_order_details` (`product_cnt`, `product_price`, `product_total_price`, `refund_fl`, `created_at`, `idetails`, `iorder`, `iproduct`, `refunded_at`, `updated_at`) VALUES (5, 13000, 65000, 0, '2024-05-03 14:31:23.000000', 355, 100050, 57, NULL, '2024-02-01 14:53:42.000000');
INSERT INTO `t_order_details` (`product_cnt`, `product_price`, `product_total_price`, `refund_fl`, `created_at`, `idetails`, `iorder`, `iproduct`, `refunded_at`, `updated_at`) VALUES (4, 18200, 72800, 0, '2024-05-03 14:31:23.000000', 198, 100050, 54, NULL, '2024-02-01 14:53:42.000000');
INSERT INTO `t_order_details` (`product_cnt`, `product_price`, `product_total_price`, `refund_fl`, `created_at`, `idetails`, `iorder`, `iproduct`, `refunded_at`, `updated_at`) VALUES (5, 37000, 185000, 0, '2024-05-03 14:31:23.000000', 122, 100050, 49, NULL, '2024-02-01 14:53:42.000000');
INSERT INTO `t_order_details` (`product_cnt`, `product_price`, `product_total_price`, `refund_fl`, `created_at`, `idetails`, `iorder`, `iproduct`, `refunded_at`, `updated_at`) VALUES (2, 10000, 20000, 0, '2024-05-03 14:31:23.000000', 292, 100050, 51, NULL, '2024-02-01 14:53:42.000000');
INSERT INTO `t_order_details` (`product_cnt`, `product_price`, `product_total_price`, `refund_fl`, `created_at`, `idetails`, `iorder`, `iproduct`, `refunded_at`, `updated_at`) VALUES (5, 50000, 250000, 0, '2024-06-11 14:31:23.000000', 258, 100065, 52, NULL, '2024-02-01 14:53:42.000000');
INSERT INTO `t_order_details` (`product_cnt`, `product_price`, `product_total_price`, `refund_fl`, `created_at`, `idetails`, `iorder`, `iproduct`, `refunded_at`, `updated_at`) VALUES (2, 34000, 68000, 0, '2024-06-11 14:31:23.000000', 382, 100065, 55, NULL, '2024-02-01 14:53:42.000000');
INSERT INTO `t_order_details` (`product_cnt`, `product_price`, `product_total_price`, `refund_fl`, `created_at`, `idetails`, `iorder`, `iproduct`, `refunded_at`, `updated_at`) VALUES (2, 18200, 36400, 0, '2024-06-11 14:31:23.000000', 311, 100066, 56, NULL, '2024-02-01 14:53:42.000000');
INSERT INTO `t_order_details` (`product_cnt`, `product_price`, `product_total_price`, `refund_fl`, `created_at`, `idetails`, `iorder`, `iproduct`, `refunded_at`, `updated_at`) VALUES (5, 37000, 185000, 0, '2024-06-11 14:31:23.000000', 444, 100066, 49, NULL, '2024-02-01 14:53:42.000000');
INSERT INTO `t_order_details` (`product_cnt`, `product_price`, `product_total_price`, `refund_fl`, `created_at`, `idetails`, `iorder`, `iproduct`, `refunded_at`, `updated_at`) VALUES (4, 18200, 72800, 0, '2024-06-11 14:31:23.000000', 396, 100066, 54, NULL, '2024-02-01 14:53:42.000000');
INSERT INTO `t_order_details` (`product_cnt`, `product_price`, `product_total_price`, `refund_fl`, `created_at`, `idetails`, `iorder`, `iproduct`, `refunded_at`, `updated_at`) VALUES (2, 28000, 56000, 0, '2024-06-11 14:31:23.000000', 386, 100066, 58, NULL, '2024-02-01 14:53:42.000000');
INSERT INTO `t_order_details` (`product_cnt`, `product_price`, `product_total_price`, `refund_fl`, `created_at`, `idetails`, `iorder`, `iproduct`, `refunded_at`, `updated_at`) VALUES (4, 13000, 52000, 0, '2024-06-11 14:31:23.000000', 206, 100066, 57, NULL, '2024-02-01 14:53:42.000000');
INSERT INTO `t_order_details` (`product_cnt`, `product_price`, `product_total_price`, `refund_fl`, `created_at`, `idetails`, `iorder`, `iproduct`, `refunded_at`, `updated_at`) VALUES (2, 29900, 59800, 0, '2024-06-11 14:31:23.000000', 285, 100066, 47, NULL, '2024-02-01 14:53:42.000000');
INSERT INTO `t_order_details` (`product_cnt`, `product_price`, `product_total_price`, `refund_fl`, `created_at`, `idetails`, `iorder`, `iproduct`, `refunded_at`, `updated_at`) VALUES (6, 29900, 179400, 0, '2024-06-13 14:31:23.000000', 298, 100061, 47, NULL, '2024-02-01 14:53:42.000000');
INSERT INTO `t_order_details` (`product_cnt`, `product_price`, `product_total_price`, `refund_fl`, `created_at`, `idetails`, `iorder`, `iproduct`, `refunded_at`, `updated_at`) VALUES (1, 18200, 18200, 0, '2024-06-13 14:31:23.000000', 338, 100061, 56, NULL, '2024-02-01 14:53:42.000000');
INSERT INTO `t_order_details` (`product_cnt`, `product_price`, `product_total_price`, `refund_fl`, `created_at`, `idetails`, `iorder`, `iproduct`, `refunded_at`, `updated_at`) VALUES (4, 39900, 159600, 0, '2024-06-13 14:31:23.000000', 403, 100061, 48, NULL, '2024-02-01 14:53:42.000000');
INSERT INTO `t_order_details` (`product_cnt`, `product_price`, `product_total_price`, `refund_fl`, `created_at`, `idetails`, `iorder`, `iproduct`, `refunded_at`, `updated_at`) VALUES (2, 19800, 39600, 0, '2024-06-13 14:31:23.000000', 137, 100062, 53, NULL, '2024-02-01 14:53:42.000000');
INSERT INTO `t_order_details` (`product_cnt`, `product_price`, `product_total_price`, `refund_fl`, `created_at`, `idetails`, `iorder`, `iproduct`, `refunded_at`, `updated_at`) VALUES (2, 50000, 100000, 0, '2024-06-13 14:31:23.000000', 445, 100062, 52, NULL, '2024-02-01 14:53:42.000000');
INSERT INTO `t_order_details` (`product_cnt`, `product_price`, `product_total_price`, `refund_fl`, `created_at`, `idetails`, `iorder`, `iproduct`, `refunded_at`, `updated_at`) VALUES (4, 29900, 119600, 0, '2024-06-13 14:31:23.000000', 353, 100062, 47, NULL, '2024-02-01 14:53:42.000000');
INSERT INTO `t_order_details` (`product_cnt`, `product_price`, `product_total_price`, `refund_fl`, `created_at`, `idetails`, `iorder`, `iproduct`, `refunded_at`, `updated_at`) VALUES (5, 28000, 140000, 0, '2024-06-13 14:31:23.000000', 271, 100062, 58, NULL, '2024-02-01 14:53:42.000000');
INSERT INTO `t_order_details` (`product_cnt`, `product_price`, `product_total_price`, `refund_fl`, `created_at`, `idetails`, `iorder`, `iproduct`, `refunded_at`, `updated_at`) VALUES (5, 39900, 199500, 0, '2024-06-13 14:31:23.000000', 335, 100062, 48, NULL, '2024-02-01 14:53:42.000000');
INSERT INTO `t_order_details` (`product_cnt`, `product_price`, `product_total_price`, `refund_fl`, `created_at`, `idetails`, `iorder`, `iproduct`, `refunded_at`, `updated_at`) VALUES (1, 50000, 50000, 0, '2024-06-13 14:31:23.000000', 174, 100064, 52, NULL, '2024-02-01 14:53:42.000000');
INSERT INTO `t_order_details` (`product_cnt`, `product_price`, `product_total_price`, `refund_fl`, `created_at`, `idetails`, `iorder`, `iproduct`, `refunded_at`, `updated_at`) VALUES (3, 28000, 84000, 0, '2024-06-13 14:31:23.000000', 144, 100064, 58, NULL, '2024-02-01 14:53:42.000000');

INSERT INTO `t_refund` (`complate_fl`, `refund_cnt`, `refund_price`, `created_at`, `idetails`, `irefund`, `updated_at`, `contents`) VALUES (0, 1, 34000, '2024-02-26 21:51:04.000000', 117, 2, NULL, '반품 신청');
INSERT INTO `t_refund` (`complate_fl`, `refund_cnt`, `refund_price`, `created_at`, `idetails`, `irefund`, `updated_at`, `contents`) VALUES (0, 1, 32900, '2024-02-26 21:51:31.000000', 461, 3, NULL, '반품 신청');
